# Gmsh OBJ export
v -154.693871839 -360 -283.165233026
v -154.693871839 -320 -283.165233026
v 154.693871839 -320 283.165233026
v 154.693871839 -360 283.165233026
v -139.033406195 -320 -254.498942948
v -139.033406195 -40 -254.498942948
v 139.033406195 -40 254.498942948
v 139.033406195 -320 254.498942948
v -154.693871839 -40 -283.165233026
v -154.693871839 0 -283.165233026
v 154.693871839 0 283.165233026
v 154.693871839 -40 283.165233026
v -206.944623832 -14 -378.809593
v 206.944623832 -14 378.809593
v 213.656581373 -22.0829037687 391.095748866
v -213.656581373 -22.0829037687 -391.095748866
v 213.656581373 -31.9170962313 391.095748866
v -213.656581373 -31.9170962313 -391.095748866
v -221.693006734 -310 -405.806326816
v 221.693006734 -310 405.806326816
v 231.281517506 -321.547005384 423.357978054
v -231.281517506 -321.547005384 -423.357978054
v 231.281517506 -330.452994616 423.357978054
v -231.281517506 -330.452994616 -423.357978054
v 221.693006734 -342 405.806326816
v -221.693006734 -342 -405.806326816
v 221.693006734 -360 405.806326816
v -221.693006734 -360 -405.806326816
v 422.768370376 -32.7055061207 -20
v 422.768370376 -32.7055061207 20
v 430.716945222 -31.7998804106 20
v 430.716945222 -31.7998804106 -20
v 431.187644862 -40 -20
v 458.587420215 -280.241874063 -20
v 431.622646782 -39.7491209822 -20
v 451.069173818 -281.09847004 -20
v 431.622646782 -39.7491209822 20
v 431.187644862 -40 20
v 458.587420215 -280.241874063 20
v 451.069173818 -281.09847004 20
v 380.20089265 -39.7491209827 -205.293425232
v 397.556242214 -39.7491209822 -169.254670515
v 379.808969463 -40 -205.104684972
v 284.477728908 -40 -324.646279567
v 284.748948169 -39.7491209822 -324.986377763
v 253.47568887 -39.7491209827 -349.925969837
v 253.20446961 -40 -349.585871642
v 115.446835689 -40 -415.926451685
v 115.543632722 -39.7491209822 -416.350547198
v 76.546516235 -39.7491209828 -425.251384557
v 76.4497192015 -40 -424.827289043
v -76.4497192015 -40 -424.827289043
v -76.546516235 -39.7491209822 -425.251384557
v -115.543632722 -39.7491209822 -416.350547198
v -115.446835689 -40 -415.926451685
v -206.944623832 -40 -378.809593
v 206.944623832 -40 378.809593
v 253.20446961 -40 349.585871642
v 253.47568887 -39.7491209822 349.925969837
v 284.748948169 -39.7491209828 324.986377763
v 284.477728908 -40 324.646279567
v 379.808969463 -40 205.104684972
v 380.20089265 -39.7491209822 205.293425232
v 397.556242214 -39.7491209822 169.254670515
v 397.164319027 -40 169.065930256
v 397.164319027 -40 -169.065930256
v 404.495314043 -280.241874063 -216.993001953
v 421.850663608 -280.241874063 -180.954247237
v 421.850663608 -280.241874063 180.954247237
v 404.495314043 -280.241874063 216.993001953
v 301.561209414 -280.241874063 346.068286551
v 270.287950115 -280.241874063 371.007878625
v -121.54385929 -280.241874063 -442.639257464
v -82.5467428032 -280.241874063 -451.540094822
v 82.5467428032 -280.241874063 -451.540094822
v 121.54385929 -280.241874063 -442.639257464
v 270.287950115 -280.241874063 -371.007878625
v 301.561209414 -280.241874063 -346.068286551
v -301.561209414 -280.241874063 -346.068286551
v -270.287950115 -280.241874063 -371.007878625
v -253.20446961 -40 -349.585871642
v 115.446835689 -40 415.926451685
v 121.54385929 -280.241874063 442.639257464
v 82.5467428032 -280.241874063 451.540094822
v 76.4497192015 -40 424.827289043
v -76.4497192015 -40 424.827289043
v -82.5467428032 -280.241874063 451.540094822
v -121.54385929 -280.241874063 442.639257464
v -115.446835689 -40 415.926451685
v -253.20446961 -40 349.585871642
v -270.287950115 -280.241874063 371.007878625
v -301.561209414 -280.241874063 346.068286551
v -284.477728908 -40 324.646279567
v -379.808969463 -40 205.104684972
v -404.495314043 -280.241874063 216.993001953
v -421.850663608 -280.241874063 180.954247237
v -397.164319027 -40 169.065930256
v -431.187644862 -40 20
v -458.587420215 -280.241874063 20
v -458.587420215 -280.241874063 -20
v -431.187644862 -40 -20
v -397.164319027 -40 -169.065930256
v -421.850663608 -280.241874063 -180.954247237
v -404.495314043 -280.241874063 -216.993001953
v -379.808969463 -40 -205.104684972
v -284.477728908 -40 -324.646279567
v -253.47568887 -39.7491209822 -349.925969837
v -284.748948169 -39.7491209822 -324.986377763
v -380.20089265 -39.7491209822 -205.293425232
v -397.556242214 -39.7491209822 -169.254670515
v -431.622646782 -39.7491209822 -20
v -431.622646782 -39.7491209822 20
v -397.556242214 -39.7491209822 169.254670515
v -380.20089265 -39.7491209822 205.293425232
v -284.748948169 -39.7491209822 324.986377763
v -253.47568887 -39.7491209822 349.925969837
v -115.543632722 -39.7491209822 416.350547198
v -76.546516235 -39.7491209822 425.251384557
v 76.546516235 -39.7491209822 425.251384557
v 115.543632722 -39.7491209822 416.350547198
v -279.228397127 -32.7055061207 -318.063825715
v -247.955137829 -32.7055061207 -343.003417789
v -252.910993184 -31.7998804106 -349.217863844
v -284.184252483 -31.7998804106 -324.27827177
v -296.873659458 -281.09847004 -340.190284825
v -265.600400159 -281.09847004 -365.129876899
v 247.955137829 -32.7055061207 -343.003417789
v 279.228397127 -32.7055061207 -318.063825715
v 284.184252483 -31.7998804106 -324.27827177
v 252.910993184 -31.7998804106 -349.217863844
v 265.600400159 -281.09847004 -365.129876899
v 296.873659458 -281.09847004 -340.190284825
v -74.5762543797 -32.7055061207 416.619103347
v -113.573370867 -32.7055061207 407.718265988
v -115.342095165 -31.7998804106 415.467553467
v -76.3449786779 -31.7998804106 424.368390826
v -80.8737755933 -281.09847004 444.210346559
v -119.870892081 -281.09847004 435.309509201
v 113.573370867 -32.7055061207 407.718265988
v 74.5762543797 -32.7055061207 416.619103347
v 76.3449786779 -31.7998804106 424.368390826
v 115.342095165 -31.7998804106 415.467553467
v 119.870892081 -281.09847004 435.309509201
v 80.8737755933 -281.09847004 444.210346559
v -113.573370867 -32.7055061207 -407.718265988
v -74.5762543797 -32.7055061207 -416.619103347
v -76.3449786779 -31.7998804106 -424.368390826
v -115.342095165 -31.7998804106 -415.467553467
v -119.870892081 -281.09847004 -435.309509201
v -80.8737755933 -281.09847004 -444.210346559
v -247.955137829 -32.7055061207 343.003417789
v -279.228397127 -32.7055061207 318.063825715
v -284.184252483 -31.7998804106 324.27827177
v -252.910993184 -31.7998804106 349.217863844
v -265.600400159 -281.09847004 365.129876899
v -296.873659458 -281.09847004 340.190284825
v 74.5762543797 -32.7055061207 -416.619103347
v 113.573370867 -32.7055061207 -407.718265988
v 115.342095165 -31.7998804106 -415.467553467
v 76.3449786779 -31.7998804106 -424.368390826
v 80.8737755933 -281.09847004 -444.210346559
v 119.870892081 -281.09847004 -435.309509201
v -372.223465261 -32.7055061207 201.451698678
v -389.578814825 -32.7055061207 165.412943962
v -396.740233305 -31.7998804106 168.861701336
v -379.384883741 -31.7998804106 204.900456052
v -397.721608098 -281.09847004 213.730957095
v -415.076957663 -281.09847004 177.692202379
v 279.228397127 -32.7055061207 318.063825715
v 247.955137829 -32.7055061207 343.003417789
v 252.910993184 -31.7998804106 349.217863844
v 284.184252483 -31.7998804106 324.27827177
v 296.873659458 -281.09847004 340.190284825
v 265.600400159 -281.09847004 365.129876899
v 389.578814825 -32.7055061207 165.412943962
v 372.223465261 -32.7055061207 201.451698678
v 379.384883741 -31.7998804106 204.900456052
v 396.740233305 -31.7998804106 168.861701336
v 415.076957663 -281.09847004 177.692202379
v 397.721608098 -281.09847004 213.730957095
v -422.768370376 -32.7055061207 20
v -422.768370376 -32.7055061207 -20
v -430.716945222 -31.7998804106 -20
v -430.716945222 -31.7998804106 20
v -451.069173818 -281.09847004 20
v -451.069173818 -281.09847004 -20
v 372.223465261 -32.7055061207 -201.451698678
v 389.578814825 -32.7055061207 -165.412943962
v 396.740233305 -31.7998804106 -168.861701336
v 379.384883741 -31.7998804106 -204.900456052
v 397.721608098 -281.09847004 -213.730957095
v 415.076957663 -281.09847004 -177.692202379
v -389.578814825 -32.7055061207 -165.412943962
v -372.223465261 -32.7055061207 -201.451698678
v -379.384883741 -31.7998804106 -204.900456052
v -396.740233305 -31.7998804106 -168.861701336
v -415.076957663 -281.09847004 -177.692202379
v -397.721608098 -281.09847004 -213.730957095
v 206.944623832 -8 378.809593
v -206.944623832 -8 -378.809593
v -203.109219524 0 -371.788932505
v 203.109219524 0 371.788932505
v -231.281517506 -330.452994616 -423.357978054
v -231.281517506 -321.547005384 -423.357978054
v 231.281517506 -321.547005384 423.357978054
v 231.281517506 -330.452994616 423.357978054
v -221.693006734 -310 -405.806326816
v 221.693006734 -310 405.806326816
v -206.944623832 -40 -378.809593
v 206.944623832 -40 378.809593
v -213.656581373 -31.9170962313 -391.095748866
v 213.656581373 -31.9170962313 391.095748866
v -213.656581373 -22.0829037687 -391.095748866
v 213.656581373 -22.0829037687 391.095748866
v 217.429764847 -33.3227398312 398.002514888
v -217.429764847 -33.3227398312 -398.002514888
v 239.456589983 -293.88527327 438.322347846
v -239.456589983 -293.88527327 -438.322347846
v -1.28550169545e-14 -125.414997508 280
v 6.71087385078 -121 283.666167094
v -6.71087385078 -121 276.333832906
v -6.71087385078 -59 276.333832906
v 6.71087385078 -63.1221306481 283.666167094
v -7.20964344062 -59 282.549048932
v 7.20964344061 -59 282.549048932
v 138.074555118 -79 252.743777824
v -138.074555118 -79 -252.743777824
v 138.074555118 -132 252.743777824
v -138.074555118 -132 -252.743777824
v -101.465997845 -59 -263.800294337
v -7.20964344061 -59 -282.549048932
v -6.71087385078 -63.1221306481 -283.666167094
v 7.20964344061 -59 -282.549048932
v 101.465997845 -59 -263.800294337
v 102.354303473 -63.1221306481 -264.641506083
v 114.787681868 -59 -258.282272141
v 194.694360751 -59 -204.890336285
v 195.836965938 -63.1221306481 -205.327574753
v 204.890336285 -59 -194.694360751
v 258.282272141 -59 -114.787681868
v 259.505225604 -63.1221306481 -114.754381465
v 263.800294337 -59 -101.465997845
v 282.549048932 -59 -7.20964344061
v 283.666167094 -63.1221306481 -6.71087385078
v 282.549048932 -59 7.20964344061
v 263.800294337 -59 101.465997845
v 264.641506083 -63.1221306481 102.354303473
v 258.282272141 -59 114.787681868
v 204.890336285 -59 194.694360751
v 205.327574753 -63.1221306481 195.836965938
v 194.694360751 -59 204.890336285
v 135.5053214 -59 248.040827049
v -135.5053214 -59 -248.040827049
v -114.787681868 -59 -258.282272141
v -114.754381465 -63.1221306481 -259.505225604
v 114.787681868 -59 258.282272141
v 190.652222712 -59 200.142831527
v 252.731032123 -59 111.948418651
v 276.333832906 -59 6.71087385078
v 257.867312602 -59 -99.54834065919999
v 200.142831527 -59 -190.652222712
v 111.948418651 -59 -252.731032123
v 6.71087385078 -59 -276.333832906
v -99.54834065919999 -59 -257.867312602
v -194.694360751 -59 -204.890336285
v -190.652222712 -59 -200.142831527
v -204.890336285 -59 -194.694360751
v -258.282272141 -59 -114.787681868
v -252.731032123 -59 -111.948418651
v -263.800294337 -59 -101.465997845
v -282.549048932 -59 -7.20964344061
v -276.333832906 -59 -6.71087385078
v -282.549048932 -59 7.20964344061
v -263.800294337 -59 101.465997845
v -257.867312602 -59 99.54834065919999
v -258.282272141 -59 114.787681868
v -204.890336285 -59 194.694360751
v -200.142831527 -59 190.652222712
v -194.694360751 -59 204.890336285
v -114.787681868 -59 258.282272141
v -111.948418651 -59 252.731032123
v -101.465997845 -59 263.800294337
v 101.465997845 -59 263.800294337
v 99.54834065919999 -59 257.867312602
v 129.444895423 -59 236.94729171
v -129.444895423 -59 -236.94729171
v -195.836965938 -63.1221306481 205.327574753
v -259.505225604 -63.1221306481 114.754381465
v -283.666167094 -63.1221306481 6.71087385078
v -264.641506083 -63.1221306481 -102.354303473
v -205.327574753 -63.1221306481 -195.836965938
v 114.754381465 -63.1221306481 259.505225604
v -102.354303473 -63.1221306481 264.641506083
v 113.295708148 -132.180976077 207.386402688
v 104.994192954 -152 192.190581054
v 35.7364016736 -152 216.064595886
v 39 -132 235.796522451
v 112.187141252 -132 211.033280166
v 39 -132 276
v 19 -152 235.796522451
v 19 -152 276
v -19 -152 276
v -19 -212 276
v -39 -232 276
v 39 -232 276
v 19 -212 276
v -39 -132 276
v -19 -152 235.796522451
v -39 -132 235.796522451
v -276 -132 39
v -235.796522451 -132 39
v -235.796522451 -152 19
v -276 -152 19
v -276 -212 19
v -276 -132 -39
v -276 -152 -19
v -276 -212 -19
v -276 -232 -39
v -276 -232 39
v -235.796522451 -152 -19
v -235.796522451 -132 -39
v -39 -132 -276
v -39 -132 -235.796522451
v -19 -152 -235.796522451
v -19 -152 -276
v -19 -212 -276
v 39 -132 -276
v 19 -152 -276
v 19 -212 -276
v 39 -232 -276
v -39 -232 -276
v 19 -152 -235.796522451
v 39 -132 -235.796522451
v 276 -132 -39
v 235.796522451 -132 -39
v 235.796522451 -152 -19
v 276 -152 -19
v 276 -212 -19
v 276 -132 39
v 276 -152 19
v 276 -212 19
v 276 -232 39
v 276 -232 -39
v 235.796522451 -152 19
v 235.796522451 -132 39
v 126.666611042 -132 202.673554385
v 216.064595886 -152 35.7364016736
v 113.394203338 -132.196864673 207.201704539
v 113.394203338 -56 207.201704539
v 131.605796662 -56 217.150743316
v 131.605796662 -132 217.150743316
v -129.444895423 -56 -236.94729171
v 129.444895423 -56 236.94729171
v 35.7364016736 -212 216.064595886
v 104.994192954 -212 192.190581054
v 19 -212 235.796522451
v -19 -212 235.796522451
v -39 -232 235.796522451
v -138.074555118 -232 -252.743777824
v 138.074555118 -232 252.743777824
v -235.796522451 -232 39
v -235.796522451 -232 -39
v -114.582703726 -232 -209.742232292
v -39 -232 -235.796522451
v 39 -232 -235.796522451
v 235.796522451 -232 -39
v 235.796522451 -232 39
v 114.582703726 -232 209.742232292
v 39 -232 235.796522451
v -35.7364016736 -152 216.064595886
v -216.064595886 -152 35.7364016736
v -216.064595886 -212 35.7364016736
v -35.7364016736 -212 216.064595886
v -235.796522451 -212 19
v -235.796522451 -212 -19
v -216.064595886 -152 -35.7364016736
v -104.994192954 -152 -192.190581054
v -104.994192954 -212 -192.190581054
v -216.064595886 -212 -35.7364016736
v -35.7364016736 -212 -216.064595886
v -35.7364016736 -152 -216.064595886
v -19 -212 -235.796522451
v 19 -212 -235.796522451
v 35.7364016736 -152 -216.064595886
v 216.064595886 -152 -35.7364016736
v 216.064595886 -212 -35.7364016736
v 35.7364016736 -212 -216.064595886
v 235.796522451 -212 -19
v 235.796522451 -212 19
v 216.064595886 -212 35.7364016736
v -138.074555118 -320 -252.743777824
v 138.074555118 -320 252.743777824
v 105.473618493 -44 193.068163616
v 111.226724956 -56 203.599154359
v -105.473618493 -44 -193.068163616
v -111.226724956 -56 -203.599154359
v -146.224789274 -320 -267.662681377
v 146.224789274 -320 267.662681377
v -105.473618493 -42 -193.068163616
v 105.473618493 -42 193.068163616
v -146.224789274 -346 -267.662681377
v 146.224789274 -346 267.662681377
v -7.58845641267 -42 182.104407368
v 7.58845641267 -42 190.395592632
v 76.1088042534 -42 139.3162317
v -76.1088042534 -42 -139.3162317
v 79.8720584587 -42 172.998614567
v 62.6775200973 -42 171.146511293
v 139.995863646 -42 129.26416567
v 123.401412346 -42 134.133110322
v 178.80656766 -42 65.8504193327
v 165.338558201 -42 76.6991592233
v 190.395592632 -42 -7.58845641267
v 182.104407368 -42 7.58845641267
v 172.998614567 -42 -79.8720584587
v 171.146511293 -42 -62.6775200973
v 129.26416567 -42 -139.995863646
v 134.133110322 -42 -123.401412346
v 65.8504193327 -42 -178.80656766
v 76.6991592233 -42 -165.338558201
v -7.58845641267 -42 -190.395592632
v 7.58845641267 -42 -182.104407368
v -79.8720584587 -42 -172.998614567
v -62.6775200973 -42 -171.146511293
v -139.995863646 -42 -129.26416567
v -123.401412346 -42 -134.133110322
v -178.80656766 -42 -65.8504193327
v -165.338558201 -42 -76.6991592233
v -190.395592632 -42 7.58845641267
v -182.104407368 -42 -7.58845641267
v -172.998614567 -42 79.8720584587
v -171.146511293 -42 62.6775200973
v -129.26416567 -42 139.995863646
v -134.133110322 -42 123.401412346
v -65.8504193327 -42 178.80656766
v -76.6991592233 -42 165.338558201
v -118.418108035 -346 -216.762892787
v 118.418108035 -346 216.762892787
v -7.58845641267 -97 182.104407368
v 7.58845641267 -97 190.395592632
v 76.1088042534 -164 139.3162317
v -76.1088042534 -164 -139.3162317
v 79.8720584587 -97 172.998614567
v 62.6775200973 -97 171.146511293
v 139.995863646 -97 129.26416567
v 123.401412346 -97 134.133110322
v 178.80656766 -97 65.8504193327
v 165.338558201 -97 76.6991592233
v 190.395592632 -97 -7.58845641267
v 182.104407368 -97 7.58845641267
v 172.998614567 -97 -79.8720584587
v 171.146511293 -97 -62.6775200973
v 129.26416567 -97 -139.995863646
v 134.133110322 -97 -123.401412346
v 65.8504193327 -97 -178.80656766
v 76.6991592233 -97 -165.338558201
v -7.58845641267 -97 -190.395592632
v 7.58845641267 -97 -182.104407368
v -79.8720584587 -97 -172.998614567
v -62.6775200973 -97 -171.146511293
v -139.995863646 -97 -129.26416567
v -123.401412346 -97 -134.133110322
v -178.80656766 -97 -65.8504193327
v -165.338558201 -97 -76.6991592233
v -190.395592632 -97 7.58845641267
v -182.104407368 -97 -7.58845641267
v -172.998614567 -97 79.8720584587
v -171.146511293 -97 62.6775200973
v -129.26416567 -97 139.995863646
v -134.133110322 -97 123.401412346
v -65.8504193327 -97 178.80656766
v -76.6991592233 -97 165.338558201
v 108.829597263 -366 199.211241549
v -108.829597263 -366 -199.211241549
v 0 -101.992347778 186.25
v 64.0033094037 -164 117.157272012
v -64.0033094037 -164 -117.157272012
v 71.274789278 -101.992347778 172.07256293
v 131.698637996 -101.992347778 131.698637996
v 172.07256293 -101.992347778 71.274789278
v 186.25 -101.992347778 -1.70175627604e-14
v 172.07256293 -101.992347778 -71.274789278
v 131.698637996 -101.992347778 -131.698637996
v 71.274789278 -101.992347778 -172.07256293
v 2.28082933399e-14 -101.992347778 -186.25
v -71.274789278 -101.992347778 -172.07256293
v -131.698637996 -101.992347778 -131.698637996
v -172.07256293 -101.992347778 -71.274789278
v -186.25 -101.992347778 -3.42124400099e-14
v -172.07256293 -101.992347778 71.274789278
v -131.698637996 -101.992347778 131.698637996
v -71.274789278 -101.992347778 172.07256293
v 64.0033094037 -474 117.157272012
v -64.0033094037 -474 -117.157272012
v 76.1088042534 -474 139.3162317
v -76.1088042534 -474 -139.3162317
v -4.43442468523 -574 -183.827462753
v -4.43442468523 -519 -183.827462753
v 4.43442468523 -519 -188.672537247
v 4.43442468523 -574 -188.672537247
v -76.1088042534 -574 -139.3162317
v 76.1088042534 -574 139.3162317
v 66.25085020429999 -574 -171.53141121
v 66.25085020429999 -519 -171.53141121
v 76.29872835170001 -519 -172.61371465
v 76.29872835170001 -574 -172.61371465
v 126.850033716 -574 -133.121257247
v 126.850033716 -519 -133.121257247
v 136.547242276 -519 -130.276018745
v 136.547242276 -574 -130.276018745
v 168.137449492 -574 -74.4445986146
v 168.137449492 -519 -74.4445986146
v 176.007676368 -519 -68.1049799414
v 176.007676368 -574 -68.1049799414
v 183.827462753 -574 -4.43442468523
v 183.827462753 -519 -4.43442468523
v 188.672537247 -519 4.43442468523
v 188.672537247 -574 4.43442468523
v 171.53141121 -574 66.25085020429999
v 171.53141121 -519 66.25085020429999
v 172.61371465 -519 76.29872835170001
v 172.61371465 -574 76.29872835170001
v 133.121257247 -574 126.850033716
v 133.121257247 -519 126.850033716
v 130.276018745 -519 136.547242276
v 130.276018745 -574 136.547242276
v 74.4445986146 -574 168.137449492
v 74.4445986146 -519 168.137449492
v 68.1049799414 -519 176.007676368
v 68.1049799414 -574 176.007676368
v 4.43442468523 -574 183.827462753
v 4.43442468523 -519 183.827462753
v -4.43442468523 -519 188.672537247
v -4.43442468523 -574 188.672537247
v -66.25085020429999 -574 171.53141121
v -66.25085020429999 -519 171.53141121
v -76.29872835170001 -519 172.61371465
v -76.29872835170001 -574 172.61371465
v -126.850033716 -574 133.121257247
v -126.850033716 -519 133.121257247
v -136.547242276 -519 130.276018745
v -136.547242276 -574 130.276018745
v -168.137449492 -574 74.4445986146
v -168.137449492 -519 74.4445986146
v -176.007676368 -519 68.1049799414
v -176.007676368 -574 68.1049799414
v -183.827462753 -574 4.43442468523
v -183.827462753 -519 4.43442468523
v -188.672537247 -519 -4.43442468523
v -188.672537247 -574 -4.43442468523
v -171.53141121 -574 -66.25085020429999
v -171.53141121 -519 -66.25085020429999
v -172.61371465 -519 -76.29872835170001
v -172.61371465 -574 -76.29872835170001
v -133.121257247 -574 -126.850033716
v -133.121257247 -519 -126.850033716
v -130.276018745 -519 -136.547242276
v -130.276018745 -574 -136.547242276
v -74.4445986146 -574 -168.137449492
v -74.4445986146 -519 -168.137449492
v -68.1049799414 -519 -176.007676368
v -68.1049799414 -574 -176.007676368
v 5.37256192889e-14 -516.08264909 -186.25
v 71.274789278 -516.08264909 -172.07256293
v 131.698637996 -516.08264909 -131.698637996
v 172.07256293 -516.08264909 -71.274789278
v 186.25 -516.08264909 7.69787811931e-14
v 172.07256293 -516.08264909 71.274789278
v 131.698637996 -516.08264909 131.698637996
v 71.274789278 -516.08264909 172.07256293
v -3.71529250928e-14 -516.08264909 186.25
v -71.274789278 -516.08264909 172.07256293
v -131.698637996 -516.08264909 131.698637996
v -172.07256293 -516.08264909 71.274789278
v -186.25 -516.08264909 -2.57487784228e-14
v -172.07256293 -516.08264909 -71.274789278
v -131.698637996 -516.08264909 -131.698637996
v -71.274789278 -516.08264909 -172.07256293
v 107.151361062 -125.414997508 258.686269103
v 114.754381465 -121 259.505225604
v 99.54834065919999 -121 257.867312602
v -107.151361062 -125.414997508 258.686269103
v -102.354303473 -121 264.641506083
v -111.948418651 -121 252.731032123
v -107.151361062 -125.414997508 -258.686269103
v -114.754381465 -121 -259.505225604
v -99.54834065919999 -121 -257.867312602
v 2.14339609526e-14 -125.414997508 -280
v -6.71087385078 -121 -283.666167094
v 6.71087385078 -121 -276.333832906
v -258.686269103 -125.414997508 -107.151361062
v -264.641506083 -121 -102.354303473
v -252.731032123 -121 -111.948418651
v 107.151361062 -125.414997508 -258.686269103
v 102.354303473 -121 -264.641506083
v 111.948418651 -121 -252.731032123
v 258.686269103 -125.414997508 -107.151361062
v 259.505225604 -121 -114.754381465
v 257.867312602 -121 -99.54834065919999
v 197.989898732 -125.414997508 -197.989898732
v 195.836965938 -121 -205.327574753
v 200.142831527 -121 -190.652222712
v 280 -125.414997508 -5.25539468618e-14
v 283.666167094 -121 -6.71087385078
v 276.333832906 -121 6.71087385078
v -197.989898732 -125.414997508 197.989898732
v -195.836965938 -121 205.327574753
v -200.142831527 -121 190.652222712
v 258.686269103 -125.414997508 107.151361062
v 264.641506083 -121 102.354303473
v 252.731032123 -121 111.948418651
v -280 -125.414997508 1.82649689547e-14
v -283.666167094 -121 6.71087385078
v -276.333832906 -121 -6.71087385078
v 197.989898732 -125.414997508 197.989898732
v 205.327574753 -121 195.836965938
v 190.652222712 -121 200.142831527
v -197.989898732 -125.414997508 -197.989898732
v -205.327574753 -121 -195.836965938
v -190.652222712 -121 -200.142831527
v -258.686269103 -125.414997508 107.151361062
v -259.505225604 -121 114.754381465
v -257.867312602 -121 99.54834065919999
v 253.860958493 -56 -5.39859153686
v 236.139041507 -56 5.39859153686
v 122.255161831 -56 -222.549334853
v 122.744838169 -56 -201.803113002
v -131.605796662 -56 -217.150743316
v -113.394203338 -56 -207.201704539
v -253.860958493 -56 5.39859153686
v -236.139041507 -56 -5.39859153686
v -122.255161831 -56 222.549334853
v -122.744838169 -56 201.803113002
v 112.187141252 -132 -211.033280166
v 126.666611042 -132 -202.673554385
v 122.954039053 -132.180976077 -201.81016274
v 122.744838169 -132.196864673 -201.803113002
v -113.295708148 -132.180976077 -207.386402688
v -112.187141252 -132 -211.033280166
v -126.666611042 -132 -202.673554385
v -113.394203338 -132.196864673 -207.201704539
v -112.187141252 -132 211.033280166
v -126.666611042 -132 202.673554385
v -122.954039053 -132.180976077 201.81016274
v -122.744838169 -132.196864673 201.803113002
v -131.605796662 -132 -217.150743316
v -122.255161831 -132 222.549334853
v 122.255161831 -132 -222.549334853
v 253.860958493 -132 -5.39859153686
v 238.853752294 -132 -8.359725781110001
v 236.139041507 -132.196864673 5.39859153686
v 236.249747201 -132.180976077 5.57623994791
v 238.853752294 -132 8.359725781050001
v 238.933453274 -132 5.63958388453
v -253.860958493 -132 5.39859153686
v -238.853752294 -132 8.359725781110001
v -236.139041507 -132.196864673 -5.39859153686
v -236.249747201 -132.180976077 -5.57623994791
v -238.853752294 -132 -8.359725781050001
v -238.933453274 -132 -5.63958388453
v -108.829597263 -564 -199.211241549
v 108.829597263 -564 199.211241549
v -104.035338838 -574 -190.43541759
v 104.035341877 -574 190.43541593
v 262.2351526752971 -320 188.0039038964353
v 317.837545421364 -320 55.60609588398444
v 310.4883142750427 -320 -87.80518138230121
v 241.6430645972675 -320 -213.8255656159414
v 124.9374424183 -320 -297.4951741808771
v -16.51357248878865 -320 -322.2422149604145
v 262.2351526752971 -360 188.0039038964353
v 317.837545421364 -360 55.60609588398444
v 310.4883142750427 -360 -87.80518138230121
v 241.6430645972675 -360 -213.8255656159414
v 124.9374424183 -360 -297.4951741808771
v -16.51357248878865 -360 -322.2422149604145
v -262.2351526752971 -320 -188.0039038964354
v -317.837545421364 -320 -55.6060958839844
v -310.4883142750426 -320 87.80518138230131
v -241.6430645972676 -320 213.8255656159414
v -124.9374424183002 -320 297.4951741808771
v 16.51357248878861 -320 322.2422149604145
v -262.2351526752971 -360 -188.0039038964354
v -317.837545421364 -360 -55.6060958839844
v -310.4883142750426 -360 87.80518138230131
v -241.6430645972676 -360 213.8255656159414
v -124.9374424183002 -360 297.4951741808771
v 16.51357248878861 -360 322.2422149604145
v -139.033406195 -180.0000000000001 -254.498942948
v 247.6559332137965 -40 150.8858467319039
v 289.919252927042 -40 6.843009734455323
v 254.4989429482521 -40 -139.0334061951383
v 150.8858467319037 -40 -247.6559332137966
v 6.843009734455662 -40 -289.919252927042
v 139.033406195 -180.0000000000001 254.498942948
v 247.6559332137965 -320 150.8858467319039
v 289.919252927042 -320 6.843009734455323
v 254.4989429482521 -320 -139.0334061951383
v 150.8858467319037 -320 -247.6559332137966
v 6.843009734455662 -320 -289.919252927042
v -247.6559332137965 -40 -150.8858467319038
v -289.919252927042 -40 -6.843009734455294
v -254.4989429482521 -40 139.0334061951384
v -150.8858467319038 -40 247.6559332137965
v -6.843009734455826 -40 289.919252927042
v -247.6559332137965 -320 -150.8858467319038
v -289.919252927042 -320 -6.843009734455294
v -254.4989429482521 -320 139.0334061951384
v -150.8858467319038 -320 247.6559332137965
v -6.843009734455826 -320 289.919252927042
v 262.2351526752971 0 188.0039038964353
v 317.837545421364 0 55.60609588398444
v 310.4883142750427 0 -87.80518138230121
v 241.6430645972675 0 -213.8255656159414
v 124.9374424183 0 -297.4951741808771
v -16.51357248878865 0 -322.2422149604145
v 262.2351526752971 -40 188.0039038964353
v 317.837545421364 -40 55.60609588398444
v 310.4883142750427 -40 -87.80518138230121
v 241.6430645972675 -40 -213.8255656159414
v 124.9374424183 -40 -297.4951741808771
v -16.51357248878865 -40 -322.2422149604145
v -262.2351526752971 0 -188.0039038964354
v -317.837545421364 0 -55.6060958839844
v -310.4883142750426 0 87.80518138230131
v -241.6430645972676 0 213.8255656159414
v -124.9374424183002 0 297.4951741808771
v 16.51357248878861 0 322.2422149604145
v -262.2351526752971 -40 -188.0039038964354
v -317.837545421364 -40 -55.6060958839844
v -310.4883142750426 -40 87.80518138230131
v -241.6430645972676 -40 213.8255656159414
v -124.9374424183002 -40 297.4951741808771
v 16.51357248878861 -40 322.2422149604145
v -64.90382463517399 -14 -426.7438091280259
v 84.9653336908538 -14 -423.2064238077824
v 224.5864188189889 -14 -368.6240979147079
v 337.1190672950212 -14 -269.5802655008437
v 408.9901809077297 -14 -138.0210744865904
v 431.5310426507538 -14 10.18549508486109
v 402.0228919301954 -14 157.163543627181
v 324.0248472168765 -14 285.1853493211919
v -67.0088888172918 -22.0829037687 -440.5846438134474
v 87.72106467549091 -22.0829037687 -436.9325283804683
v 231.870563143377 -22.0829037687 -380.5799015874638
v 348.0530496511178 -22.0829037687 -278.3237219018655
v 422.2552016549965 -22.0829037687 -142.4975937342407
v 445.5271445162138 -22.0829037687 10.51584727823659
v 415.0619384684098 -22.0829037687 162.2609219115817
v 334.5341369795048 -22.0829037687 294.4349346462277
v 64.90382463517375 -14 426.7438091280259
v -84.96533369085424 -14 423.2064238077823
v -224.5864188189898 -14 368.6240979147073
v -337.119067295022 -14 269.5802655008428
v -408.9901809077302 -14 138.0210744865889
v -431.5310426507538 -14 -10.18549508486267
v -402.0228919301949 -14 -157.1635436271825
v -324.0248472168763 -14 -285.1853493211922
v 67.00888881729175 -22.0829037687 440.5846438134474
v -87.72106467549135 -22.0829037687 436.9325283804683
v -231.8705631433774 -22.0829037687 380.5799015874636
v -348.053049651118 -22.0829037687 278.3237219018652
v -422.2552016549966 -22.0829037687 142.4975937342403
v -445.5271445162138 -22.0829037687 -10.51584727823783
v -415.0619384684092 -22.0829037687 -162.2609219115832
v -334.534136979504 -22.0829037687 -294.4349346462287
v 334.5341369795048 -31.9170962313 294.4349346462276
v 415.0619384684096 -31.9170962313 162.2609219115823
v 445.5271445162138 -31.9170962313 10.51584727823695
v 422.2552016549964 -31.9170962313 -142.4975937342407
v 348.0530496511179 -31.9170962313 -278.3237219018654
v 231.870563143377 -31.9170962313 -380.5799015874638
v 87.72106467549088 -31.9170962313 -436.9325283804683
v -67.00888881729243 -31.9170962313 -440.5846438134473
v -334.5341369795046 -31.9170962313 -294.4349346462279
v -415.0619384684094 -31.9170962313 -162.2609219115826
v -445.5271445162138 -31.9170962313 -10.5158472782372
v -422.2552016549965 -31.9170962313 142.4975937342405
v -348.053049651118 -31.9170962313 278.3237219018653
v -231.8705631433768 -31.9170962313 380.5799015874639
v -87.72106467549074 -31.9170962313 436.9325283804683
v 67.00888881729277 -31.9170962313 440.5846438134472
v -85.44152726046617 -310 -454.4516580872984
v 59.17356420757147 -310 -458.6120947138967
v 197.9963349245072 -310 -417.8803841715451
v 317.4378448574495 -310 -336.2436300826434
v 405.8063268162275 -310 -221.6930067341253
v 454.4516580872984 -310 -85.44152726046619
v 458.6120947138966 -310 59.17356420757226
v 417.8803841715444 -310 197.9963349245087
v 336.2436300826424 -310 317.4378448574507
v -89.136984399835 -321.547005384 -474.1072831481071
v 61.73289779333809 -321.547005384 -478.4476640678822
v 206.5599338321088 -321.547005384 -435.9542540878006
v 331.1674443597074 -321.547005384 -350.7866042457093
v 423.3579780541154 -321.547005384 -231.281517506062
v 474.1072831481071 -321.547005384 -89.13698439983462
v 478.4476640678822 -321.547005384 61.73289779333764
v 435.9542540878008 -321.547005384 206.5599338321084
v 350.7866042457105 -321.547005384 331.1674443597061
v 85.44152726046632 -310 454.4516580872984
v -59.17356420757111 -310 458.6120947138968
v -197.9963349245069 -310 417.8803841715452
v -317.437844857449 -310 336.243630082644
v -405.8063268162271 -310 221.693006734126
v -454.4516580872982 -310 85.44152726046735
v -458.6120947138968 -310 -59.17356420757108
v -417.8803841715449 -310 -197.9963349245076
v -336.2436300826429 -310 -317.4378448574502
v 89.13698439983496 -321.547005384 474.1072831481071
v -61.73289779333793 -321.547005384 478.4476640678822
v -206.5599338321084 -321.547005384 435.9542540878008
v -331.167444359707 -321.547005384 350.7866042457097
v -423.3579780541151 -321.547005384 231.2815175060627
v -474.1072831481069 -321.547005384 89.13698439983541
v -478.4476640678824 -321.547005384 -61.73289779333641
v -435.9542540878018 -321.547005384 -206.5599338321065
v -350.786604245711 -321.547005384 -331.1674443597056
v 350.7866042457104 -330.452994616 331.1674443597062
v 435.9542540878011 -330.452994616 206.5599338321076
v 478.4476640678823 -330.452994616 61.73289779333717
v 474.1072831481069 -330.452994616 -89.1369843998355
v 423.3579780541149 -330.452994616 -231.281517506063
v 331.1674443597066 -330.452994616 -350.7866042457101
v 206.5599338321087 -330.452994616 -435.9542540878007
v 61.73289779333891 -330.452994616 -478.447664067882
v -89.13698439983399 -330.452994616 -474.1072831481072
v -350.7866042457104 -330.452994616 -331.1674443597063
v -435.9542540878012 -330.452994616 -206.5599338321074
v -478.4476640678823 -330.452994616 -61.73289779333702
v -474.1072831481068 -330.452994616 89.13698439983607
v -423.3579780541148 -330.452994616 231.2815175060633
v -331.1674443597063 -330.452994616 350.7866042457103
v -206.5599338321086 -330.452994616 435.9542540878007
v -61.73289779333874 -330.452994616 478.4476640678821
v 89.13698439983435 -330.452994616 474.1072831481072
v 336.2436300826427 -342 317.4378448574503
v 417.8803841715445 -342 197.9963349245086
v 458.6120947138966 -342 59.17356420757294
v 454.4516580872987 -342 -85.44152726046491
v 405.8063268162285 -342 -221.6930067341234
v 317.437844857451 -342 -336.2436300826421
v 197.9963349245088 -342 -417.8803841715443
v 59.17356420757265 -342 -458.6120947138966
v -85.44152726046579 -342 -454.4516580872985
v -336.2436300826427 -342 -317.4378448574504
v -417.8803841715443 -342 -197.9963349245089
v -458.6120947138965 -342 -59.17356420757329
v -454.4516580872988 -342 85.44152726046435
v -405.8063268162288 -342 221.6930067341229
v -317.4378448574512 -342 336.2436300826419
v -197.9963349245089 -342 417.8803841715443
v -59.17356420757251 -342 458.6120947138966
v 85.44152726046593 -342 454.4516580872984
v 336.2436300826427 -360 317.4378448574503
v 417.8803841715445 -360 197.9963349245086
v 458.6120947138966 -360 59.17356420757294
v 454.4516580872987 -360 -85.44152726046491
v 405.8063268162285 -360 -221.6930067341234
v 317.437844857451 -360 -336.2436300826421
v 197.9963349245088 -360 -417.8803841715443
v 59.17356420757265 -360 -458.6120947138966
v -85.44152726046579 -360 -454.4516580872985
v -336.2436300826427 -360 -317.4378448574504
v -417.8803841715443 -360 -197.9963349245089
v -458.6120947138965 -360 -59.17356420757329
v -454.4516580872988 -360 85.44152726046435
v -405.8063268162288 -360 221.6930067341229
v -317.4378448574512 -360 336.2436300826419
v -197.9963349245089 -360 417.8803841715443
v -59.17356420757251 -360 458.6120947138966
v 85.44152726046593 -360 454.4516580872984
v 420.8076331977383 -15.49633677067668 -10.00000000000002
v 420.8076331977383 -15.49633677067668 9.999999999999993
v 428.7562080437382 -14.59071106057668 -10.00000000000002
v 428.7562080437382 -14.59071106057668 9.999999999999993
v 444.8879529101922 -160.1208890877493 -20
v 431.4051458512876 -39.87456054188212 -20
v 436.9187720970394 -156.9019880803456 -20
v 431.651230830125 -39.99999995510625 1.643130076445232e-14
v 431.4051458512876 -39.87456054188212 20
v 444.8879529101299 -160.1208890877558 20
v 436.9187720970393 -156.9019880803454 20
v 453.0299109962618 -298.3076393900233 9.999999999999925
v 453.0299109962618 -298.3076393900233 -10.00000000000007
v 461.2818129389998 -300.06428144325 6.54986290394204e-08
v 388.9042849041447 -39.9996505674125 -187.2864327553436
v 380.004931082978 -39.8745605418784 -205.1990551145139
v 284.6133385566358 -39.87456054206825 -324.8163286881348
v 269.1301155625488 -39.9996505675625 -337.4784905861114
v 253.3400792584043 -39.87456054205113 -349.755920762408
v 115.4952342119512 -39.87456054210472 -416.1384994702
v 96.05142616971948 -39.9996505672375 -420.8287944545126
v 76.49811772476599 -39.87456054200165 -425.0393368286243
v -76.49811772476599 -39.87456054200165 -425.0393368286243
v -96.05142616972117 -39.999650567575 -420.8287944545209
v -115.4952342119512 -39.87456054210472 -416.1384994702
v 253.3400792584043 -39.87456054205113 349.755920762408
v 269.1301155626945 -39.99965056745 337.4784905862944
v 284.6133385566358 -39.87456054206825 324.8163286881348
v 380.004931082978 -39.8745605418784 205.1990551145139
v 388.9042849042913 -39.9996505674125 187.2864327554141
v 397.3602806471001 -39.87456054212031 169.1603003980819
v 397.3602806471001 -39.87456054212031 -169.1603003980819
v 415.6005527874579 -300.0642814435 -200.1426777855858
v 409.5078704190329 -160.1208890422022 -175.0102713124807
v 409.5078704190329 -160.1208890422022 175.0102713124807
v 415.6005527880689 -300.0642814432499 200.1426777840891
v 392.152520854904 -160.1208890421642 211.0490260284789
v 293.0197315075317 -160.1208890421955 335.3576120311213
v 287.6045061512126 -300.06428144325 360.6446436453411
v 261.7464722094048 -160.1208890421692 360.297204105619
v 214.318815283 -175.0000000000002 392.307959908
v -214.318815283 -175.0000000000002 -392.307959908
v -118.4954411199525 -160.1208890421886 -429.2832647960853
v -102.6448598331289 -300.06428144325 -449.7165148161744
v -79.49832463280143 -160.1208890421474 -438.1841021544557
v 79.49832463280143 -160.1208890421474 -438.1841021544557
v 102.6448598313796 -300.0642814435 -449.7165148163236
v 118.4954411199525 -160.1208890421886 -429.2832647960853
v 261.7464722094048 -160.1208890421692 -360.297204105619
v 287.6045061497218 -300.0642814434998 -360.6446436460114
v 293.0197315075317 -160.1208890421955 -335.3576120311213
v 392.152520854904 -160.1208890421642 -211.0490260284789
v -287.6045061512172 -300.06428144325 -360.644643645138
v -261.7464722094048 -160.1208890421692 -360.297204105619
v 118.4954411199525 -160.1208890421886 429.2832647960853
v 102.6448598330843 -300.0642814435 449.7165148161846
v 79.49832463280143 -160.1208890421474 438.1841021544557
v -79.49832463280143 -160.1208890421474 438.1841021544557
v -102.6448598313413 -300.0642814432499 449.7165148162754
v -118.4954411199525 -160.1208890421886 429.2832647960853
v -261.7464722094048 -160.1208890421692 360.297204105619
v -287.6045061496418 -300.06428144325 360.6446436460754
v -293.0197315075317 -160.1208890421955 335.3576120311213
v -392.152520854904 -160.1208890421642 211.0490260284789
v -415.6005527873722 -300.0642814435001 200.1426777857642
v -409.5078704190329 -160.1208890422022 175.0102713124807
v -444.8879533097796 -160.1208890421805 20
v -461.281812939 -300.0642814435 8.06995115871172e-10
v -444.8879533097796 -160.1208890421805 -20
v -409.5078704190329 -160.1208890422022 -175.0102713124807
v -415.6005527883291 -300.0642814435 -200.1426777843562
v -392.152520854904 -160.1208890421642 -211.0490260284789
v -293.0197315075317 -160.1208890421955 -335.3576120311213
v -269.1301155626946 -39.999650567225 -337.4784905862942
v -284.6133385566358 -39.87456054206825 -324.8163286881348
v -380.004931082978 -39.8745605418784 -205.1990551145139
v -388.9042849042914 -39.99965056730001 -187.2864327554143
v -397.3602806471001 -39.8745605421203 -169.1603003980819
v -431.4051458513019 -39.87456054190679 -20
v -431.651191023 -39.99965056790001 0
v -431.4051458513019 -39.87456054190679 20
v -397.3602806471001 -39.8745605421203 169.1603003980819
v -388.9042849042913 -39.9996505673 187.2864327554143
v -380.004931082978 -39.8745605418784 205.1990551145139
v -284.6133385566358 -39.87456054206825 324.8163286881348
v -269.1301155626948 -39.99965056730001 337.4784905862941
v -253.3400792584043 -39.87456054205113 349.755920762408
v -115.4952342119512 -39.87456054210472 416.1384994702
v -96.05142616963641 -39.9996505673 420.8287944546481
v -76.49811772476599 -39.87456054200165 425.0393368286243
v 76.49811772476599 -39.87456054200165 425.0393368286243
v 96.05142616963641 -39.9996505673 420.8287944546481
v 115.4952342119512 -39.87456054210472 416.1384994702
v -253.3400792584043 -39.87456054205113 -349.755920762408
v -270.1875826679087 -15.49633677067682 -322.7657576786016
v -254.5509530185471 -15.49633677067682 -335.235553715775
v -275.143438023923 -14.59071106058686 -328.9802037335916
v -259.5068083745729 -14.5907110605568 -341.4499997707515
v -288.0510282930221 -156.9019880803104 -329.1270552700277
v -256.7777689940245 -156.9019880803455 -354.0666473440307
v -274.6412146190627 -298.3076393900032 -360.4279449354183
v -290.27784426844 -298.3076393900332 -347.9581488982366
v 254.5509530185471 -15.49633677067682 -335.235553715775
v 270.1875826679087 -15.49633677067682 -322.7657576786016
v 259.5068083745471 -14.59071106057682 -341.449999770775
v 275.1434380239086 -14.59071106057682 -328.9802037336016
v 256.7777689940245 -156.9019880803455 -354.0666473440307
v 288.0510282930221 -156.9019880803104 -329.1270552700277
v 290.2778442684529 -298.3076393900232 -347.9581488982249
v 274.6412146190913 -298.3076393900232 -360.4279449353983
v -83.88922843330573 -15.49633677069244 412.4823166040318
v -103.3877866769135 -15.49633677064562 408.031897924902
v -85.65795273163184 -14.59071106057684 420.231604082024
v -105.1565109752673 -14.59071106057685 415.7811854028934
v -77.72501498650877 -156.9019880803456 430.4147249530384
v -116.7221314740074 -156.9019880802905 421.5138875950323
v -110.5579180269551 -298.307639390031 439.44629594398
v -91.05935978332587 -298.3076393900192 443.8967146231078
v 103.3877866769673 -15.49633677067684 408.0318979248934
v 83.88922843333184 -15.49633677067685 412.482316604024
v 105.1565109752404 -14.59071106056126 415.7811854028976
v 85.65795273157957 -14.59071106060807 420.2316040820396
v 116.7221314740074 -156.9019880802909 421.5138875950323
v 77.72501498650875 -156.9019880803454 430.4147249530384
v 91.05935978333268 -298.3076393900232 443.8967146231067
v 110.5579180269682 -298.3076393900232 439.4462959439761
v -103.3877866769673 -15.49633677067684 -408.0318979248934
v -83.88922843333184 -15.49633677067685 -412.482316604024
v -105.1565109752404 -14.59071106056126 -415.7811854028976
v -85.65795273157957 -14.59071106060807 -420.2316040820396
v -116.7221314740074 -156.9019880802909 -421.5138875950323
v -77.72501498650875 -156.9019880803454 -430.4147249530384
v -91.05935978333268 -298.3076393900232 -443.8967146231067
v -110.5579180269682 -298.3076393900232 -439.4462959439761
v -254.5509530185471 -15.49633677067682 335.235553715775
v -270.1875826679087 -15.49633677067682 322.7657576786016
v -259.5068083745471 -14.59071106057682 341.449999770775
v -275.1434380239086 -14.59071106057682 328.9802037336016
v -256.7777689940245 -156.9019880803455 354.0666473440307
v -288.0510282930221 -156.9019880803104 329.1270552700277
v -290.2778442684529 -298.3076393900232 347.9581488982249
v -274.6412146190913 -298.3076393900232 360.4279449353983
v 83.88922843330573 -15.49633677069244 -412.4823166040318
v 103.3877866769135 -15.49633677064562 -408.031897924902
v 85.65795273163184 -14.59071106057684 -420.231604082024
v 105.1565109752673 -14.59071106057685 -415.7811854028934
v 77.72501498650877 -156.9019880803456 -430.4147249530384
v 116.7221314740074 -156.9019880802905 -421.5138875950323
v 110.5579180269551 -298.307639390031 -439.44629594398
v 91.05935978332587 -298.3076393900192 -443.8967146231078
v -374.7957394960652 -15.49633677068772 191.5912780207116
v -383.4734142784171 -15.49633677067113 173.571900662653
v -381.9571579760652 -14.59071106058772 195.0400353947116
v -390.6348327584171 -14.59071106057113 177.0206580366529
v -384.9725366800328 -156.9019880803193 207.5913278860158
v -402.327886244038 -156.9019880803699 171.5525731700183
v -412.5046834279201 -298.3076393900347 187.5526230363247
v -403.8270086455585 -298.3076393900005 205.5720003943901
v 270.1875826679087 -15.49633677067682 322.7657576786016
v 254.5509530185471 -15.49633677067682 335.235553715775
v 275.143438023923 -14.59071106058686 328.9802037335916
v 259.5068083745729 -14.5907110605568 341.4499997707515
v 288.0510282930221 -156.9019880803104 329.1270552700277
v 256.7777689940245 -156.9019880803455 354.0666473440307
v 274.6412146190627 -298.3076393900032 360.4279449354183
v 290.27784426844 -298.3076393900332 347.9581488982366
v 383.4734142784124 -15.49633677066566 173.5719006626613
v 374.7957394960688 -15.49633677068225 191.5912780207027
v 390.6348327584124 -14.59071106056566 177.0206580366613
v 381.9571579760688 -14.59071106058224 195.0400353947027
v 402.327886244038 -156.9019880803699 171.5525731700183
v 384.9725366800328 -156.9019880803192 207.5913278860158
v 403.8270086455828 -298.3076393900288 205.5720003943472
v 412.5046834279347 -298.3076393900124 187.5526230362886
v -420.8076331977383 -15.49633677067667 9.999999999999954
v -420.8076331977383 -15.49633677067668 -10.00000000000005
v -428.7562080437382 -14.59071106057667 9.999999999999952
v -428.7562080437382 -14.59071106057668 -10.00000000000005
v -436.9187720970394 -156.9019880803456 20
v -436.9187720970393 -156.9019880803454 -20
v -453.0299109962618 -298.3076393900233 -9.999999999999991
v -453.0299109962618 -298.3076393900233 10.00000000000002
v 374.7957394960652 -15.49633677068772 -191.5912780207116
v 383.4734142784171 -15.49633677067113 -173.571900662653
v 381.9571579760652 -14.59071106058772 -195.0400353947116
v 390.6348327584171 -14.59071106057113 -177.0206580366529
v 384.9725366800328 -156.9019880803193 -207.5913278860158
v 402.327886244038 -156.9019880803699 -171.5525731700183
v 412.5046834279201 -298.3076393900347 -187.5526230363247
v 403.8270086455585 -298.3076393900005 -205.5720003943901
v -383.4734142784124 -15.49633677066566 -173.5719006626613
v -374.7957394960688 -15.49633677068225 -191.5912780207027
v -390.6348327584124 -14.59071106056566 -177.0206580366613
v -381.9571579760688 -14.59071106058224 -195.0400353947027
v -402.327886244038 -156.9019880803699 -171.5525731700183
v -384.9725366800328 -156.9019880803192 -207.5913278860158
v -403.8270086455828 -298.3076393900288 -205.5720003943472
v -412.5046834279347 -298.3076393900124 -187.5526230362886
v 324.0248472168765 -8 285.1853493211919
v 402.0228919301953 -8 157.1635436271814
v 431.5310426507538 -8 10.18549508486077
v 408.9901809077293 -8 -138.0210744865918
v 337.1190672950201 -8 -269.5802655008451
v 224.5864188189881 -8 -368.6240979147084
v 84.96533369085302 -8 -423.2064238077825
v -64.90382463517402 -8 -426.7438091280259
v -324.0248472168765 -8 -285.1853493211919
v -402.0228919301953 -8 -157.1635436271812
v -431.5310426507538 -8 -10.18549508486092
v -408.9901809077293 -8 138.0210744865917
v -337.1190672950202 -8 269.580265500845
v -224.5864188189881 -8 368.6240979147084
v -84.96533369085287 -8 423.2064238077825
v 64.90382463517415 -8 426.7438091280259
v -318.0195387817964 0 -279.8998719917964
v -394.5720081944626 0 -154.2507560350986
v -423.5332701562306 0 -9.996722401863133
v -401.4101690518069 0 135.4630634889466
v -330.8710773765831 0 264.5840047010961
v -220.42405063271 0 361.7922101022616
v -83.3906302700108 0 415.3629354807441
v 63.70093081788001 0 418.8347607361954
v 318.0195387817964 0 279.8998719917963
v 394.5720081944625 0 154.2507560350983
v 423.5332701562305 0 9.996722401862646
v 401.4101690518065 0 -135.4630634889472
v 330.8710773765828 0 -264.5840047010964
v 220.4240506327095 0 -361.7922101022619
v 83.39063027001046 0 -415.3629354807442
v -63.70093081787999 0 -418.8347607361955
v -205.8212599193683 -2.343145750507619 -376.75328914951
v 205.8212599193683 -2.343145750507619 376.75328914951
v 350.7866042457104 -321.547005384 331.1674443597062
v 435.9542540878011 -321.547005384 206.5599338321076
v 478.4476640678823 -321.547005384 61.73289779333717
v 474.1072831481069 -321.547005384 -89.1369843998355
v 423.3579780541149 -321.547005384 -231.281517506063
v 331.1674443597066 -321.547005384 -350.7866042457101
v 206.5599338321087 -321.547005384 -435.9542540878007
v 61.73289779333891 -321.547005384 -478.447664067882
v -89.13698439983399 -321.547005384 -474.1072831481072
v 350.7866042457104 -330.452994616 331.1674443597062
v 435.9542540878011 -330.452994616 206.5599338321076
v 478.4476640678823 -330.452994616 61.73289779333717
v 474.1072831481069 -330.452994616 -89.1369843998355
v 423.3579780541149 -330.452994616 -231.281517506063
v 331.1674443597066 -330.452994616 -350.7866042457101
v 206.5599338321087 -330.452994616 -435.9542540878007
v 61.73289779333891 -330.452994616 -478.447664067882
v -89.13698439983399 -330.452994616 -474.1072831481072
v -350.7866042457104 -321.547005384 -331.1674443597063
v -435.9542540878012 -321.547005384 -206.5599338321074
v -478.4476640678823 -321.547005384 -61.73289779333702
v -474.1072831481068 -321.547005384 89.13698439983607
v -423.3579780541148 -321.547005384 231.2815175060633
v -331.1674443597063 -321.547005384 350.7866042457103
v -206.5599338321086 -321.547005384 435.9542540878007
v -61.73289779333874 -321.547005384 478.4476640678821
v 89.13698439983435 -321.547005384 474.1072831481072
v -350.7866042457104 -330.452994616 -331.1674443597063
v -435.9542540878012 -330.452994616 -206.5599338321074
v -478.4476640678823 -330.452994616 -61.73289779333702
v -474.1072831481068 -330.452994616 89.13698439983607
v -423.3579780541148 -330.452994616 231.2815175060633
v -331.1674443597063 -330.452994616 350.7866042457103
v -206.5599338321086 -330.452994616 435.9542540878007
v -61.73289779333874 -330.452994616 478.4476640678821
v 89.13698439983435 -330.452994616 474.1072831481072
v -85.44152726046617 -310 -454.4516580872984
v 59.17356420757147 -310 -458.6120947138967
v 197.9963349245072 -310 -417.8803841715451
v 317.4378448574495 -310 -336.2436300826434
v 405.8063268162275 -310 -221.6930067341253
v 454.4516580872984 -310 -85.44152726046619
v 458.6120947138966 -310 59.17356420757226
v 417.8803841715444 -310 197.9963349245087
v 336.2436300826424 -310 317.4378448574507
v 85.44152726046632 -310 454.4516580872984
v -59.17356420757111 -310 458.6120947138968
v -197.9963349245069 -310 417.8803841715452
v -317.437844857449 -310 336.243630082644
v -405.8063268162271 -310 221.693006734126
v -454.4516580872982 -310 85.44152726046735
v -458.6120947138968 -310 -59.17356420757108
v -417.8803841715449 -310 -197.9963349245076
v -336.2436300826429 -310 -317.4378448574502
v -214.318815283 -175.0000000000002 -392.307959908
v -64.90382463517399 -40 -426.7438091280259
v 84.9653336908538 -40 -423.2064238077824
v 224.5864188189889 -40 -368.6240979147079
v 337.1190672950212 -40 -269.5802655008437
v 408.9901809077297 -40 -138.0210744865904
v 431.5310426507538 -40 10.18549508486109
v 402.0228919301954 -40 157.163543627181
v 324.0248472168765 -40 285.1853493211919
v 214.318815283 -175.0000000000002 392.307959908
v 64.90382463517375 -40 426.7438091280259
v -84.96533369085424 -40 423.2064238077823
v -224.5864188189898 -40 368.6240979147073
v -337.119067295022 -40 269.5802655008428
v -408.9901809077302 -40 138.0210744865889
v -431.5310426507538 -40 -10.18549508486267
v -402.0228919301949 -40 -157.1635436271825
v -324.0248472168763 -40 -285.1853493211922
v 334.5341369795048 -31.9170962313 294.4349346462276
v 415.0619384684096 -31.9170962313 162.2609219115823
v 445.5271445162138 -31.9170962313 10.51584727823695
v 422.2552016549964 -31.9170962313 -142.4975937342407
v 348.0530496511179 -31.9170962313 -278.3237219018654
v 231.870563143377 -31.9170962313 -380.5799015874638
v 87.72106467549088 -31.9170962313 -436.9325283804683
v -67.00888881729243 -31.9170962313 -440.5846438134473
v -334.5341369795046 -31.9170962313 -294.4349346462279
v -415.0619384684094 -31.9170962313 -162.2609219115826
v -445.5271445162138 -31.9170962313 -10.5158472782372
v -422.2552016549965 -31.9170962313 142.4975937342405
v -348.053049651118 -31.9170962313 278.3237219018653
v -231.8705631433768 -31.9170962313 380.5799015874639
v -87.72106467549074 -31.9170962313 436.9325283804683
v 67.00888881729277 -31.9170962313 440.5846438134472
v 334.5341369795048 -22.0829037687 294.4349346462276
v 415.0619384684096 -22.0829037687 162.2609219115823
v 445.5271445162138 -22.0829037687 10.51584727823695
v 422.2552016549964 -22.0829037687 -142.4975937342407
v 348.0530496511179 -22.0829037687 -278.3237219018654
v 231.870563143377 -22.0829037687 -380.5799015874638
v 87.72106467549088 -22.0829037687 -436.9325283804683
v -67.00888881729243 -22.0829037687 -440.5846438134473
v -334.5341369795046 -22.0829037687 -294.4349346462279
v -415.0619384684094 -22.0829037687 -162.2609219115826
v -445.5271445162138 -22.0829037687 -10.5158472782372
v -422.2552016549965 -22.0829037687 142.4975937342405
v -348.053049651118 -22.0829037687 278.3237219018653
v -231.8705631433768 -22.0829037687 380.5799015874639
v -87.72106467549074 -22.0829037687 436.9325283804683
v 67.00888881729277 -22.0829037687 440.5846438134472
v 329.7775355989274 -33.3227398312 311.3333928657077
v 409.8443834710326 -33.3227398312 194.1887891620525
v 449.7928075352632 -33.3227398312 58.03563378236386
v 445.7123777071751 -33.3227398312 -83.79845378997993
v 398.0025148883682 -33.3227398312 -217.4297648472012
v 311.3333928657075 -33.3227398312 -329.7775355989277
v 194.1887891620521 -33.3227398312 -409.8443834710329
v 58.03563378236299 -33.3227398312 -449.7928075352633
v -83.79845378998078 -33.3227398312 -445.712377707175
v -329.7775355989274 -33.3227398312 -311.3333928657078
v -409.8443834710327 -33.3227398312 -194.1887891620525
v -449.7928075352632 -33.3227398312 -58.03563378236382
v -445.7123777071751 -33.3227398312 83.79845378998037
v -398.002514888368 -33.3227398312 217.4297648472017
v -311.3333928657074 -33.3227398312 329.7775355989278
v -194.1887891620518 -33.3227398312 409.844383471033
v -58.03563378236304 -33.3227398312 449.7928075352633
v 83.79845378998074 -33.3227398312 445.712377707175
v 228.4431774149672 -163.6040065506121 418.16243136694
v -92.28769577451473 -293.88527327 -490.8654808771188
v 63.91496110284396 -293.88527327 -495.359280578568
v 213.8611762657364 -293.88527327 -451.3638625259338
v 342.873169437306 -293.88527327 -363.1858047723106
v 438.322347846508 -293.88527327 -239.4565899832771
v 490.8654808771188 -293.88527327 -92.28769577451433
v 495.359280578568 -293.88527327 63.91496110284393
v 451.3638625259341 -293.88527327 213.8611762657359
v 363.1858047723109 -293.88527327 342.8731694373056
v -228.4431774149672 -163.6040065506121 -418.16243136694
v 92.28769577451489 -293.88527327 490.8654808771187
v -63.91496110284336 -293.88527327 495.359280578568
v -213.8611762657354 -293.88527327 451.3638625259343
v -342.873169437305 -293.88527327 363.1858047723116
v -438.3223478465072 -293.88527327 239.4565899832785
v -490.8654808771184 -293.88527327 92.28769577451645
v -495.3592805785683 -293.88527327 -63.91496110284135
v -451.3638625259351 -293.88527327 -213.8611762657336
v -363.1858047723117 -293.88527327 -342.8731694373048
v 238.1328840243354 -314.8573412278384 435.8993203430088
v -238.1328840243354 -314.8573412278384 -435.8993203430088
v -6.530430763189096 -121 283.978703689293
v 0.1804430874640294 -121 287.6448707832237
v 6.530430763189095 -121 276.021296310707
v -0.180443087464027 -121 272.3551292167763
v 4.702259420159574 -71.7934753025521 286.0303681981633
v -1.894465126028816 -76.81623078428845 287.408616992051
v -5.7605358280147 -68.13004311447487 285.0291984612552
v -0.5881169333808846 -59 272.3756490458092
v 6.069239625608473 -59 275.3480176949021
v 6.856030520764569 -62.09370197182542 283.3870498886393
v 6.987029214073266 -61.06422599690806 283.1079200493926
v 7.10472433949992 -60.03248780735413 282.828449398498
v 198.7846819741233 -79 208.3954179257468
v 245.9479612607472 -79 149.8452546852318
v 276.3502934356748 -79 81.08338496891005
v 287.919809803414 -79 6.795816563586333
v 279.8680669430333 -79 -67.95487550992792
v 252.7437778243335 -79 -138.0745551181822
v 208.3954179257468 -79 -198.7846819741232
v 149.8452546852319 -79 -245.9479612607472
v 81.08338496891007 -79 -276.3502934356748
v 6.795816563586287 -79 -287.919809803414
v -67.95487550992802 -79 -279.8680669430333
v 245.9479612607472 -132 149.8452546852318
v 287.919809803414 -132 6.795816563586333
v 252.7437778243335 -132 -138.0745551181822
v 149.8452546852319 -132 -245.9479612607472
v 6.795816563586287 -132 -287.919809803414
v -55.1405268556869 -59 -277.2101482791478
v -6.856030520764569 -62.09370197182542 -283.3870498886393
v -6.987029214073266 -61.06422599690806 -283.1079200493926
v -7.10472433949992 -60.03248780735413 -282.828449398498
v -4.702259412631545 -71.79347531493936 -286.0303681880979
v 1.894465146664137 -76.81623076411842 -287.4086171032088
v 5.760535837872663 -68.13004310188744 -285.0291984813629
v 55.14052685568672 -59 -277.2101482791478
v 102.1133510440872 -62.09356767805573 -264.4391581140429
v 101.8855355090732 -61.06422621195276 -264.2314339201267
v 101.6698315477344 -60.03239019803755 -264.0182559187294
v 105.0337947096781 -71.60317920634785 -266.0342345790444
v 111.7367473180415 -76.81622325958315 -264.8059670990019
v 114.4042041985718 -68.07607196430641 -261.1096713920474
v 157.0269352036583 -59 -235.0074161200364
v 195.5369197049154 -62.09356767814315 -205.2328381081256
v 195.2469529871892 -61.06422621212771 -205.1281072077786
v 194.9660888229227 -60.03239019812508 -205.0137027479666
v 198.8454671691606 -71.60317920626824 -205.5888912012121
v 204.5681502770679 -76.81622325940334 -201.8890111048171
v 205.6180479646303 -68.07607196554264 -197.4532876004794
v 235.0074161200364 -59 -157.0269352036583
v 259.1917648868146 -62.09356767802798 -114.781678940298
v 258.8837917911032 -61.06422621189721 -114.7958856638185
v 258.5805264469362 -60.03239019800976 -114.7976717871975
v 262.3847197913572 -71.60317920660968 -113.8445028058856
v 266.2559067710135 -76.81622325950451 -108.2362832982782
v 265.5284078596546 -68.07607196467141 -103.7364306900551
v 277.2101482791478 -59 -55.14052685568673
v 283.38701344411 -62.09356767808946 -6.856049652795098
v 283.1079200818733 -61.06422621202024 -6.987031155258075
v 282.8284229572328 -60.03239019807132 -7.104735940929334
v 285.9782773485146 -71.60317920621141 -4.768320861482703
v 287.4086150748351 -76.81622325946748 1.894437476394803
v 285.0144746795507 -68.07607196422623 5.773357420269971
v 277.2101482791478 -59 55.1405268556867
v 264.4391581140429 -62.09356767805573 102.1133510440872
v 264.2314339201267 -61.06422621195276 101.8855355090732
v 264.0182559187294 -60.03239019803755 101.6698315477344
v 266.0342345790331 -71.603179206584 105.0337947096377
v 264.8059670990474 -76.81622325956737 111.7367473179814
v 261.1096713920853 -68.07607196446779 114.4042041982102
v 235.0074161200364 -59 157.0269352036583
v 205.2328381081256 -62.09356767814315 195.5369197049154
v 205.1281072077786 -61.06422621212771 195.2469529871892
v 205.0137027479666 -60.03239019812508 194.9660888229227
v 205.5888912011986 -71.60317920689585 198.8454671693003
v 201.8890111048339 -76.81622325940792 204.5681502770586
v 197.4532876003352 -68.07607196467232 205.6180479646207
v 166.5035997700592 -59 228.3911015658924
v 136.1476298294881 -63.99999999989012 249.2165647432238
v 136.7899382589859 -68.99999999989031 250.3923024369742
v 137.4322466884837 -73.99999999989048 251.5680401307247
v -136.1476298294881 -63.99999999989012 -249.2165647432238
v -136.7899382589859 -68.99999999989031 -250.3923024369742
v -137.4322466884837 -73.99999999989048 -251.5680401307247
v -125.2512222320181 -59 -253.3733911448782
v -114.7816752113207 -62.09370197178104 -259.191805878549
v -114.7958838580472 -61.06422599681923 -258.8837925038387
v -114.7976711876312 -60.03248780730969 -258.5805553151079
v -113.8034042867861 -71.79347531496525 -262.4581260741446
v -108.2362585104896 -76.81623076407624 -266.2559192339382
v -103.7539108422244 -68.13004310186111 -265.5371042717796
v -245.9479612607472 -132 -149.8452546852318
v -287.919809803414 -132 -6.795816563586177
v -252.7437778243335 -132 138.0745551181822
v -149.8452546852318 -132 245.9479612607472
v -6.79581656358645 -132 287.919809803414
v -198.7846819741233 -79 -208.3954179257468
v -245.9479612607472 -79 -149.8452546852318
v -276.3502934356748 -79 -81.08338496891008
v -287.919809803414 -79 -6.795816563586177
v -279.8680669430333 -79 67.954875509928
v -252.7437778243335 -79 138.0745551181822
v -208.3954179257467 -79 198.7846819741234
v -149.8452546852318 -79 245.9479612607472
v -81.0833849689101 -79 276.3502934356748
v -6.79581656358645 -79 287.919809803414
v 67.95487550992775 -79 279.8680669430334
v 125.2512222320181 -59 253.3733911448782
v 198.9920509942471 -59 190.4088500022217
v 192.1828069982579 -59 193.0145299420605
v 256.7109953175348 -59 99.7638782381652
v 251.4172247010014 -59 104.7769974668922
v 275.3480176949021 -59 -6.069239625608547
v 272.3756490458092 -59 0.5881169333808176
v 252.0658004139715 -59 -110.9783707742418
v 251.8673499145347 -59 -103.6902990716305
v 190.4088500022217 -59 -198.9920509942471
v 193.0145299420605 -59 -192.1828069982579
v 99.7638782381652 -59 -256.7109953175348
v 104.7769974668922 -59 -251.4172247010014
v -6.069239625608449 -59 -275.3480176949021
v 0.588116933380888 -59 -272.3756490458092
v -110.9783707742418 -59 -252.0658004139715
v -103.6902990716305 -59 -251.8673499145347
v -166.5035997700592 -59 -228.3911015658924
v -198.9920509942471 -59 -190.4088500022217
v -192.1828069982579 -59 -193.0145299420605
v -235.0074161200363 -59 -157.0269352036584
v -256.7109953175348 -59 -99.7638782381652
v -251.4172247010014 -59 -104.7769974668922
v -277.2101482791478 -59 -55.14052685568689
v -275.3480176949021 -59 6.06923962560848
v -272.3756490458092 -59 -0.5881169333808803
v -277.2101482791478 -59 55.14052685568679
v -252.0658004139715 -59 110.9783707742418
v -251.8673499145348 -59 103.6902990716304
v -235.0074161200364 -59 157.0269352036583
v -190.4088500022217 -59 198.9920509942471
v -193.0145299420605 -59 192.1828069982579
v -157.0269352036584 -59 235.0074161200363
v -99.7638782381652 -59 256.7109953175348
v -104.7769974668922 -59 251.4172247010014
v -55.14052685569183 -59 277.2101482791468
v 55.14052685568672 -59 277.2101482791478
v 110.9783707742419 -59 252.0658004139715
v 103.6902990716305 -59 251.8673499145347
v 230.5762136818935 -59 140.4799262674984
v 269.924821690698 -59 6.37107802847157
v 236.9472917103649 -59 -129.4448954232001
v 140.4799262674974 -59 -230.5762136818941
v 6.371078028470867 -59 -269.924821690698
v -230.5762136818935 -59 -140.4799262674983
v -269.924821690698 -59 -6.371078028471842
v -236.9472917103651 -59 129.4448954231998
v -140.4799262674977 -59 230.5762136818939
v -6.37107802847114 -59 269.924821690698
v -195.5369197049154 -62.09356767814315 205.2328381081256
v -195.2469529871892 -61.06422621212771 205.1281072077786
v -194.9660888229227 -60.03239019812508 205.0137027479666
v -198.8454671693179 -71.60317920668291 205.5888912009084
v -204.5681502769669 -76.81622325945534 201.889011104726
v -205.6180479646092 -68.07607196458568 197.4532876001758
v -259.1917648868146 -62.09356767802798 114.781678940298
v -258.8837917911032 -61.06422621189721 114.7958856638185
v -258.5805264469362 -60.03239019800976 114.7976717871975
v -262.3847197914412 -71.60317920675212 113.8445028058392
v -266.2559067710204 -76.81622325948373 108.2362832982273
v -265.5284078594602 -68.07607196376726 103.7364306896652
v -283.38701344411 -62.09356767808946 6.856049652795098
v -283.1079200818733 -61.06422621202024 6.987031155258075
v -282.8284229572328 -60.03239019807132 7.104735940929334
v -285.9782773486132 -71.60317920654622 4.76832086138565
v -287.4086150748367 -76.81622325947332 -1.894437476391146
v -285.0144746794263 -68.07607196367084 -5.773357420392924
v -264.4391581140429 -62.09356767805573 -102.1133510440872
v -264.2314339201267 -61.06422621195276 -101.8855355090732
v -264.0182559187294 -60.03239019803755 -101.6698315477344
v -266.0342345790507 -71.60317920658153 -105.0337947097023
v -264.8059670990278 -76.81622325954403 -111.7367473180076
v -261.1096713918978 -68.07607196386996 -114.4042041986219
v -205.2328381081256 -62.09356767814315 -195.5369197049154
v -205.1281072077786 -61.06422621212771 -195.2469529871892
v -205.0137027479666 -60.03239019812508 -194.9660888229227
v -205.5888912008884 -71.60317920653553 -198.8454671691709
v -201.8890111048339 -76.81622325940683 -204.5681502770587
v -197.4532876000769 -68.07607196373978 -205.6180479646026
v 114.7816752113207 -62.09370197178104 259.191805878549
v 114.7958838580472 -61.06422599681923 258.8837925038387
v 114.7976711876312 -60.03248780730969 258.5805553151079
v 113.8034042867861 -71.79347531496525 262.4581260741446
v 108.2362585104896 -76.81623076407624 266.2559192339382
v 103.7539108422244 -68.13004310186111 265.5371042717796
v -102.1133510440872 -62.09356767805573 264.4391581140429
v -101.8855355090732 -61.06422621195276 264.2314339201267
v -101.6698315477344 -60.03239019803755 264.0182559187294
v -105.0337947096357 -71.60317920652346 266.0342345790315
v -111.7367473179903 -76.81622325955811 264.805967099031
v -114.4042041983188 -68.07607196437107 261.109671392397
v 107.3619035697867 -138.8411450070361 196.5246462651122
v 36.69228749236179 -137.857864376269 221.843943371056
v 112.5735411979449 -132.0543804605645 209.1571173548721
v 24.85786437626905 -137.857864376269 235.796522451
v 24.85786437626905 -137.857864376269 276
v -24.85786437626905 -226.142135623731 276
v 24.85786437626905 -226.142135623731 276
v -24.85786437626905 -137.857864376269 276
v -24.85786437626905 -137.857864376269 235.796522451
v -235.796522451 -137.857864376269 24.85786437626905
v -276 -137.857864376269 24.85786437626905
v -276 -137.857864376269 -24.85786437626905
v -276 -226.142135623731 -24.85786437626905
v -276 -226.142135623731 24.85786437626905
v -235.796522451 -137.857864376269 -24.85786437626905
v -24.85786437626905 -137.857864376269 -235.796522451
v -24.85786437626905 -137.857864376269 -276
v 24.85786437626905 -137.857864376269 -276
v 24.85786437626905 -226.142135623731 -276
v -24.85786437626905 -226.142135623731 -276
v 24.85786437626905 -137.857864376269 -235.796522451
v 235.796522451 -137.857864376269 -24.85786437626905
v 276 -137.857864376269 -24.85786437626905
v 276 -137.857864376269 24.85786437626905
v 276 -226.142135623731 24.85786437626905
v 276 -226.142135623731 -24.85786437626905
v 235.796522451 -137.857864376269 24.85786437626905
v 198.8520527595343 -132 132.5852975005878
v 221.843943371056 -137.857864376269 36.69228749236179
v 178.5753735381392 -152 126.7747449838257
v 113.3444907491549 -132.1888990805371 207.2938038115338
v 119.1518734587691 -132.4396918301623 202.3552470169673
v 122.2551618309088 -56 201.8031130015854
v 131.3609584932896 -56 206.7776323902934
v 132.3202062809709 -132 208.8258620660691
v 122.7448381687988 -56 222.5493348524215
v 113.6390415068627 -56 217.5748154639564
v 124.0861942588799 -132 222.4302652655697
v 115.3228497565478 -132 219.6695469804199
v 230.5762136818935 -56 140.4799262674984
v 269.924821690698 -56 6.37107802847157
v 236.9472917103649 -56 -129.4448954232001
v 140.4799262674974 -56 -230.5762136818941
v 6.371078028470867 -56 -269.924821690698
v -230.5762136818935 -56 -140.4799262674983
v -269.924821690698 -56 -6.371078028471842
v -236.9472917103651 -56 129.4448954231998
v -140.4799262674977 -56 230.5762136818939
v -6.37107802847114 -56 269.924821690698
v 23.74759090294609 -152 222.8595979039484
v -24.85786437626905 -226.142135623731 235.796522451
v -245.9479612607472 -232 -149.8452546852318
v -287.919809803414 -232 -6.795816563586177
v -252.7437778243335 -232 138.0745551181822
v -149.8452546852318 -232 245.9479612607472
v -6.79581656358645 -232 287.919809803414
v 245.9479612607472 -232 149.8452546852318
v 287.919809803414 -232 6.795816563586333
v 252.7437778243335 -232 -138.0745551181822
v 149.8452546852319 -232 -245.9479612607472
v 6.795816563586287 -232 -287.919809803414
v -168.9985207035846 -232 168.9985207035851
v -194.8836268292438 -232 -138.3523472655236
v 168.9985207035845 -232 -168.9985207035852
v 194.8836268292438 -232 138.3523472655236
v 24.85786437626905 -226.142135623731 235.796522451
v -23.7475909029461 -151.9999999999999 222.8595979039484
v -36.69228370348613 -137.8578678130837 221.8439405156233
v -154.8563850798538 -152 154.856385079854
v -154.8563850798538 -212 154.856385079854
v -222.8595979039484 -152 23.7475909029461
v -221.8438966599358 -137.8579116438304 36.69228034190591
v -235.796522451 -226.142135623731 -24.85786437626905
v -235.796522451 -226.142135623731 24.85786437626905
v -222.8595979039484 -151.9999999999999 -23.74759090294609
v -221.8439405156233 -137.8578678130837 -36.69228370348613
v -178.5753735381392 -152 -126.7747449838257
v -178.5753735381392 -212 -126.7747449838257
v -23.7475909029461 -152 -222.8595979039484
v -36.69228034190591 -137.8579116438304 -221.8438966599358
v 24.85786437626905 -226.142135623731 -235.796522451
v -24.85786437626905 -226.142135623731 -235.796522451
v 23.74759090294609 -151.9999999999999 -222.8595979039484
v 36.69228370348613 -137.8578678130837 -221.8439405156233
v 154.8563850798538 -152 -154.856385079854
v 154.8563850798538 -212 -154.856385079854
v 222.8595979039484 -152 -23.74759090294609
v 221.8438966599358 -137.8579116438304 -36.69228034190591
v 235.796522451 -226.142135623731 24.85786437626905
v 235.796522451 -226.142135623731 -24.85786437626905
v 222.8595979039484 -151.9999999999999 23.7475909029461
v 178.5753735381392 -212 126.7747449838257
v 107.8026027375791 -226.142135623731 197.3313406807251
v 36.69228749236179 -226.142135623731 221.843943371056
v 23.74759090294609 -212 222.8595979039484
v -23.7475909029461 -212 222.8595979039484
v -36.69228034195527 -226.1420883561658 221.843896659932
v -245.9479612607472 -320 -149.8452546852318
v -287.919809803414 -320 -6.795816563586177
v -252.7437778243335 -320 138.0745551181822
v -149.8452546852318 -320 245.9479612607472
v -6.79581656358645 -320 287.919809803414
v 245.9479612607472 -320 149.8452546852318
v 287.919809803414 -320 6.795816563586333
v 252.7437778243335 -320 -138.0745551181822
v 149.8452546852319 -320 -245.9479612607472
v 6.795816563586287 -320 -287.919809803414
v -221.843943371056 -226.142135623731 36.69228749236179
v -107.8026027375791 -226.142135623731 -197.3313406807251
v -221.843943371056 -226.142135623731 -36.69228749236179
v -36.69228749236179 -226.142135623731 -221.843943371056
v 221.843943371056 -226.142135623731 -36.69228749236179
v 36.69228749236179 -226.142135623731 -221.843943371056
v 221.843943371056 -226.142135623731 36.69228749236179
v -222.8595979039483 -212 23.7475909029461
v -222.8595979039483 -212 -23.7475909029461
v -23.7475909029461 -212 -222.8595979039484
v 23.74759090294609 -212 -222.8595979039484
v 222.8595979039484 -212 -23.7475909029461
v 222.8595979039484 -212 23.7475909029461
v 107.1586643629475 -52.48528137423857 196.1526193922351
v 198.8125690796056 -44 94.19958798193896
v 216.2118756685551 -44 -40.65002853486398
v 151.0255945234832 -44 -159.9727157950019
v 28.15266944160081 -44 -218.1912628940764
v -107.1586643629475 -52.48528137423857 -196.1526193922351
v 209.6568910292429 -56 99.33774732674462
v 228.0052507050906 -56 -42.86730281821795
v 159.2633542250346 -56 -168.6985002926557
v 29.68826959332932 -56 -230.092604506433
v -198.8125690796056 -44 -94.19958798193886
v -216.2118756685551 -44 40.65002853486414
v -151.0255945234832 -44 159.9727157950019
v -28.15266944160084 -44 218.1912628940764
v -209.6568910292429 -56 -99.33774732674473
v -228.0052507050906 -56 42.86730281821767
v -159.2633542250347 -56 168.6985002926556
v -29.68826959332935 -56 230.092604506433
v -247.8784678693486 -320 -177.7111846979371
v -300.4367758733852 -320 -52.56180840501333
v -293.4898958004446 -320 82.9980786707994
v -228.4137424468658 -320 202.1191783612255
v -118.0974460909703 -320 281.2080959481615
v 15.60949783336861 -320 304.6003013415943
v 247.8784678693487 -320 177.7111846979369
v 300.4367758733852 -320 52.56180840501342
v 293.4898958004446 -320 -82.99807867079925
v 228.4137424468659 -320 -202.1191783612253
v 118.0974460909705 -320 -281.2080959481614
v -15.60949783336865 -320 -304.6003013415943
v 198.8125690796056 -42 94.19958798193896
v 216.2118756685551 -42 -40.65002853486398
v 151.0255945234832 -42 -159.9727157950019
v 28.15266944160081 -42 -218.1912628940764
v -198.8125690796056 -42 -94.19958798193886
v -216.2118756685551 -42 40.65002853486414
v -151.0255945234832 -42 159.9727157950019
v -28.15266944160084 -42 218.1912628940764
v -247.8784678693486 -346 -177.7111846979371
v -300.4367758733852 -346 -52.56180840501333
v -293.4898958004446 -346 82.9980786707994
v -228.4137424468658 -346 202.1191783612255
v -118.0974460909703 -346 281.2080959481615
v 15.60949783336861 -346 304.6003013415943
v 247.8784678693487 -346 177.7111846979369
v 300.4367758733852 -346 52.56180840501342
v 293.4898958004446 -346 -82.99807867079925
v 228.4137424468659 -346 -202.1191783612253
v 118.0974460909705 -346 -281.2080959481614
v -15.60949783336865 -346 -304.6003013415943
v -7.384416739512769 -42 190.7489997129588
v 0.2040396732848602 -42 194.8945923450285
v 7.384416739512769 -42 181.7510002870412
v -0.2040396732848626 -42 177.6054076549715
v 152.3285037600943 -42 44.69440056887377
v 139.3162317000817 -42 -76.10880425344463
v 44.69440056887378 -42 -152.3285037600943
v -152.3285037600942 -42 -44.69440056887386
v -139.3162317000817 -42 76.10880425344455
v -44.69440056887387 -42 152.3285037600942
v 76.37540811121482 -42 165.0901352348316
v 67.77813893050357 -42 164.1640835978304
v 66.17417044478518 -42 179.0549906251684
v 74.77143962549641 -42 179.9810422621696
v 133.7389359419682 -42 123.2957936387792
v 125.4417102915842 -42 125.7302659648919
v 129.6583400500318 -42 140.1014823532208
v 137.9555657004158 -42 137.6670100271081
v 170.7419231227023 -42 62.73078514040534
v 164.0079183930794 -42 68.15515508580434
v 173.4032027375044 -42 79.81879341556248
v 180.1372074668452 -42 74.39442347039068
v 181.7510002870412 -42 -7.384416739512794
v 177.6054076549715 -42 0.2040396732848378
v 190.7489997129588 -42 7.384416739512731
v 194.8945923450285 -42 -0.2040396732848859
v 165.0901352348316 -42 -76.37540811121482
v 164.1640835978304 -42 -67.77813893050357
v 179.0549906251684 -42 -66.17417044478518
v 179.9810422621696 -42 -74.77143962549643
v 123.2957936387792 -42 -133.7389359419682
v 125.7302659648919 -42 -125.4417102915842
v 140.1014823532208 -42 -129.6583400500318
v 137.6670100271081 -42 -137.9555657004158
v 62.73078514040534 -42 -170.7419231227023
v 68.15515508580432 -42 -164.0079183930794
v 79.81879341556248 -42 -173.4032027375043
v 74.39442347039072 -42 -180.1372074668452
v -7.384416739512741 -42 -181.7510002870412
v 0.2040396732848843 -42 -177.6054076549715
v 7.384416739512795 -42 -190.7489997129588
v -0.2040396732848422 -42 -194.8945923450285
v -76.37540811121482 -42 -165.0901352348316
v -67.77813893050359 -42 -164.1640835978304
v -66.17417044478518 -42 -179.0549906251684
v -74.77143962549643 -42 -179.9810422621696
v -133.7389359419682 -42 -123.2957936387792
v -125.4417102915842 -42 -125.7302659648919
v -129.6583400500318 -42 -140.1014823532208
v -137.9555657004158 -42 -137.6670100271081
v -170.7419231227023 -42 -62.73078514040533
v -164.0079183930794 -42 -68.15515508580432
v -173.4032027375043 -42 -79.81879341556248
v -180.1372074668452 -42 -74.39442347039072
v -181.7510002870412 -42 7.384416739512731
v -177.6054076549715 -42 -0.2040396732848859
v -190.7489997129588 -42 -7.384416739512794
v -194.8945923450285 -42 0.2040396732848378
v -165.0901352348316 -42 76.37540811121482
v -164.1640835978304 -42 67.77813893050357
v -179.0549906251684 -42 66.17417044478518
v -179.9810422621696 -42 74.77143962549643
v -123.2957936387792 -42 133.7389359419682
v -125.7302659648919 -42 125.4417102915842
v -140.1014823532208 -42 129.6583400500318
v -137.6670100271081 -42 137.9555657004158
v -62.73078514040533 -42 170.7419231227023
v -68.15515508580434 -42 164.0079183930794
v -79.81879341556248 -42 173.4032027375043
v -74.39442347039072 -42 180.1372074668452
v -223.212293466538 -346 -105.7604465072275
v -242.7469695006525 -346 45.63889567298115
v -169.5605538515522 -346 179.605730915121
v -31.60776978241638 -346 244.9692815219528
v 223.2122934665379 -346 105.7604465072276
v 242.7469695006526 -346 -45.63889567298091
v 169.5605538515524 -346 -179.6057309151209
v 31.60776978241635 -346 -244.9692815219528
v 0.2040396732848267 -97 194.8945923450285
v -7.384416739512782 -97 190.7489997129588
v -0.2040396732848239 -97 177.6054076549715
v 7.384416739512785 -97 181.7510002870412
v 152.3285037600943 -164 44.69440056887377
v 139.3162317000817 -164 -76.10880425344463
v 44.69440056887378 -164 -152.3285037600943
v -152.3285037600942 -164 -44.69440056887386
v -139.3162317000817 -164 76.10880425344455
v -44.69440056887387 -164 152.3285037600942
v 67.77813893050362 -97 164.1640835978304
v 76.37540811121485 -97 165.0901352348316
v 74.77143962549638 -97 179.9810422621696
v 66.17417044478515 -97 179.0549906251684
v 125.4417102915842 -97 125.7302659648919
v 133.7389359419683 -97 123.2957936387792
v 137.9555657004158 -97 137.6670100271081
v 129.6583400500317 -97 140.1014823532208
v 164.0079183930794 -97 68.15515508580437
v 170.7419231227023 -97 62.73078514040534
v 180.1372074668452 -97 74.39442347039068
v 173.4032027375044 -97 79.81879341556248
v 177.6054076549715 -97 0.204039673284814
v 181.7510002870412 -97 -7.384416739512798
v 194.8945923450285 -97 -0.2040396732848393
v 190.7489997129588 -97 7.384416739512765
v 164.1640835978304 -97 -67.77813893050362
v 165.0901352348316 -97 -76.37540811121485
v 179.9810422621696 -97 -74.77143962549638
v 179.0549906251684 -97 -66.17417044478515
v 125.7302659648919 -97 -125.4417102915842
v 123.2957936387792 -97 -133.7389359419683
v 137.6670100271081 -97 -137.9555657004158
v 140.1014823532208 -97 -129.6583400500317
v 68.15515508580437 -97 -164.0079183930794
v 62.73078514040534 -97 -170.7419231227023
v 74.39442347039069 -97 -180.1372074668452
v 79.81879341556248 -97 -173.4032027375043
v 0.2040396732848418 -97 -177.6054076549715
v -7.384416739512758 -97 -181.7510002870412
v -0.204039673284801 -97 -194.8945923450285
v 7.384416739512812 -97 -190.7489997129588
v -67.77813893050362 -97 -164.1640835978304
v -76.37540811121485 -97 -165.0901352348316
v -74.77143962549638 -97 -179.9810422621696
v -66.17417044478515 -97 -179.0549906251684
v -125.4417102915842 -97 -125.7302659648919
v -133.7389359419683 -97 -123.2957936387792
v -137.9555657004158 -97 -137.6670100271081
v -129.6583400500317 -97 -140.1014823532208
v -164.0079183930794 -97 -68.15515508580437
v -170.7419231227023 -97 -62.73078514040535
v -180.1372074668452 -97 -74.39442347039068
v -173.4032027375044 -97 -79.81879341556248
v -177.6054076549715 -97 -0.2040396732848527
v -181.7510002870412 -97 7.384416739512745
v -194.8945923450285 -97 0.2040396732847968
v -190.7489997129588 -97 -7.384416739512821
v -164.1640835978304 -97 67.77813893050362
v -165.0901352348316 -97 76.37540811121485
v -179.9810422621696 -97 74.77143962549638
v -179.0549906251684 -97 66.17417044478515
v -125.7302659648919 -97 125.4417102915842
v -123.2957936387792 -97 133.7389359419683
v -137.6670100271081 -97 137.9555657004158
v -140.1014823532208 -97 129.6583400500317
v -68.15515508580437 -97 164.0079183930794
v -62.73078514040535 -97 170.7419231227023
v -74.39442347039068 -97 180.1372074668452
v -79.81879341556248 -97 173.4032027375044
v 111.6380070465791 -351.857864376269 204.3520011757251
v -111.6380070465791 -351.857864376269 -204.3520011757251
v 205.1384235502815 -366 97.19684759962793
v 223.0913444398441 -366 -41.94343853361139
v 155.8309543492961 -366 -165.0627567520536
v 29.04843619665002 -366 -225.1337121679673
v -205.1384235502815 -366 -97.19684759962799
v -223.0913444398442 -366 41.94343853361116
v -155.8309543492962 -366 165.0627567520534
v -29.04843619665005 -366 225.1337121679673
v 133.462828502627 -164 3.150144136127802
v 69.45951909878312 -164 -114.0071278761367
v -133.462828502627 -164 -3.150144136127848
v -69.45951909878302 -164 114.0071278761367
v 64.0033094037 -319 117.157272012
v 133.462828502627 -474 3.150144136127802
v 69.45951909878312 -474 -114.0071278761367
v -64.0033094037 -319 -117.157272012
v -133.462828502627 -474 -3.150144136127848
v -69.45951909878302 -474 114.0071278761367
v 152.3285037600943 -474 44.69440056887377
v 139.3162317000817 -474 -76.10880425344463
v 44.69440056887378 -474 -152.3285037600943
v -152.3285037600942 -474 -44.69440056887386
v -139.3162317000817 -474 76.10880425344455
v -44.69440056887387 -474 152.3285037600942
v 0.119233545094183 -519 -191.3015930518723
v -4.315191139955218 -519 -188.879055804971
v 0.119233545094183 -574 -191.3015930518723
v -4.315191139955218 -574 -188.879055804971
v -0.1192335450940879 -519 -181.1984069481277
v 4.315191139955343 -519 -183.6209441950291
v -0.1192335450940879 -574 -181.1984069481277
v 4.315191139955343 -574 -183.6209441950291
v -152.3285037600942 -574 -44.69440056887386
v -139.3162317000817 -574 76.10880425344455
v -44.69440056887387 -574 152.3285037600942
v 152.3285037600943 -574 44.69440056887377
v 139.3162317000817 -574 -76.10880425344463
v 44.69440056887378 -574 -152.3285037600943
v 73.31810767801602 -519 -176.6939976548615
v 68.29416860434638 -519 -176.1528459348648
v 73.31810767801602 -574 -176.6939976548615
v 68.29416860434638 -574 -176.1528459348648
v 69.23147087798398 -519 -167.4511282051385
v 74.2554099516536 -519 -167.9922799251352
v 69.23147087798398 -574 -167.4511282051385
v 74.2554099516536 -574 -167.9922799251352
v 135.3549645474685 -519 -135.1863428500589
v 130.506360267217 -519 -136.6089621011328
v 135.3549645474685 -574 -135.1863428500589
v 130.506360267217 -574 -136.6089621011328
v 128.0423114445315 -519 -128.2109331419411
v 132.890915724783 -519 -126.7883138908672
v 128.0423114445315 -574 -128.2109331419411
v 132.890915724783 -574 -126.7883138908672
v 176.7852550596187 -519 -73.09779281376991
v 172.8501416216438 -519 -76.26760215034977
v 176.7852550596187 -574 -73.09779281376991
v 172.8501416216438 -574 -76.26760215034977
v 167.3598708003813 -519 -69.45178574223009
v 171.2949842383562 -519 -66.28197640565023
v 167.3598708003813 -574 -69.45178574223009
v 171.2949842383562 -574 -66.28197640565023
v 191.3015930518723 -519 0.1192335450941963
v 188.879055804971 -519 -4.315191139955201
v 191.3015930518723 -574 0.1192335450941963
v 188.879055804971 -574 -4.315191139955201
v 181.1984069481277 -519 -0.119233545094075
v 183.6209441950291 -519 4.315191139955361
v 181.1984069481277 -574 -0.119233545094075
v 183.6209441950291 -574 4.315191139955361
v 176.6939976548615 -519 73.31810767801602
v 176.1528459348648 -519 68.29416860434638
v 176.6939976548615 -574 73.31810767801602
v 176.1528459348648 -574 68.29416860434638
v 167.4511282051385 -519 69.23147087798398
v 167.9922799251352 -519 74.2554099516536
v 167.4511282051385 -574 69.23147087798398
v 167.9922799251352 -574 74.2554099516536
v 135.1863428500589 -519 135.3549645474685
v 136.6089621011328 -519 130.506360267217
v 135.1863428500589 -574 135.3549645474685
v 136.6089621011328 -574 130.506360267217
v 128.2109331419411 -519 128.0423114445315
v 126.7883138908672 -519 132.890915724783
v 128.2109331419411 -574 128.0423114445315
v 126.7883138908672 -574 132.890915724783
v 73.09779281376991 -519 176.7852550596187
v 76.26760215034977 -519 172.8501416216438
v 73.09779281376991 -574 176.7852550596187
v 76.26760215034977 -574 172.8501416216438
v 69.45178574223009 -519 167.3598708003813
v 66.28197640565023 -519 171.2949842383562
v 69.45178574223009 -574 167.3598708003813
v 66.28197640565023 -574 171.2949842383562
v -0.1192335450941653 -519 191.3015930518723
v 4.315191139955243 -519 188.879055804971
v -0.1192335450941653 -574 191.3015930518723
v 4.315191139955243 -574 188.879055804971
v 0.1192335450941056 -519 181.1984069481277
v -4.315191139955315 -519 183.620944195029
v 0.1192335450941056 -574 181.1984069481277
v -4.315191139955315 -574 183.620944195029
v -73.31810767801603 -519 176.6939976548615
v -68.29416860434638 -519 176.1528459348648
v -73.31810767801603 -574 176.6939976548615
v -68.29416860434638 -574 176.1528459348648
v -69.23147087798398 -519 167.4511282051385
v -74.2554099516536 -519 167.9922799251352
v -69.23147087798398 -574 167.4511282051385
v -74.2554099516536 -574 167.9922799251352
v -135.3549645474685 -519 135.1863428500589
v -130.506360267217 -519 136.6089621011328
v -135.3549645474685 -574 135.1863428500589
v -130.506360267217 -574 136.6089621011328
v -128.0423114445315 -519 128.2109331419411
v -132.890915724783 -519 126.7883138908672
v -128.0423114445315 -574 128.2109331419411
v -132.890915724783 -574 126.7883138908672
v -176.7852550596187 -519 73.09779281376991
v -172.8501416216438 -519 76.26760215034977
v -176.7852550596187 -574 73.09779281376991
v -172.8501416216438 -574 76.26760215034977
v -167.3598708003813 -519 69.45178574223009
v -171.2949842383562 -519 66.28197640565023
v -167.3598708003813 -574 69.45178574223009
v -171.2949842383562 -574 66.28197640565023
v -191.3015930518723 -519 -0.1192335450941536
v -188.879055804971 -519 4.315191139955255
v -191.3015930518723 -574 -0.1192335450941536
v -188.879055804971 -574 4.315191139955255
v -181.1984069481277 -519 0.1192335450941156
v -183.6209441950291 -519 -4.315191139955306
v -181.1984069481277 -574 0.1192335450941156
v -183.6209441950291 -574 -4.315191139955306
v -176.6939976548615 -519 -73.31810767801602
v -176.1528459348648 -519 -68.29416860434638
v -176.6939976548615 -574 -73.31810767801602
v -176.1528459348648 -574 -68.29416860434638
v -167.4511282051385 -519 -69.23147087798398
v -167.9922799251352 -519 -74.2554099516536
v -167.4511282051385 -574 -69.23147087798398
v -167.9922799251352 -574 -74.2554099516536
v -135.1863428500589 -519 -135.3549645474685
v -136.6089621011328 -519 -130.5063602672169
v -135.1863428500589 -574 -135.3549645474685
v -136.6089621011328 -574 -130.5063602672169
v -128.2109331419411 -519 -128.0423114445315
v -126.7883138908672 -519 -132.890915724783
v -128.2109331419411 -574 -128.0423114445315
v -126.7883138908672 -574 -132.890915724783
v -73.09779281376991 -519 -176.7852550596187
v -76.26760215034977 -519 -172.8501416216438
v -73.09779281376991 -574 -176.7852550596187
v -76.26760215034977 -574 -172.8501416216438
v -69.45178574223009 -519 -167.3598708003813
v -66.28197640565023 -519 -171.2949842383562
v -69.45178574223009 -574 -167.3598708003813
v -66.28197640565023 -574 -171.2949842383562
v 102.6406137259882 -121 264.8611996670356
v 110.2436341290605 -121 265.6801561680542
v 111.6621083980061 -121 252.5113385389601
v 104.0590879949461 -121 251.6923820379429
v -114.7072763667273 -121 259.8630243484895
v -109.9102187777332 -121 265.8182613284823
v -99.59544575727266 -121 257.5095138575105
v -104.3925033462668 -121 251.5542768775177
v -102.6406137259882 -121 -264.8611996670356
v -110.2436341290605 -121 -265.6801561680542
v -111.6621083980061 -121 -252.5113385389601
v -104.0590879949461 -121 -251.6923820379429
v 6.530430763189133 -121 -283.978703689293
v -0.1804430874639995 -121 -287.6448707832237
v -6.530430763189058 -121 -276.021296310707
v 0.1804430874640569 -121 -272.3551292167763
v -259.8630243484895 -121 -114.7072763667273
v -265.8182613284823 -121 -109.9102187777332
v -257.5095138575105 -121 -99.59544575727266
v -251.5542768775177 -121 -104.3925033462668
v 114.7072763667273 -121 -259.8630243484895
v 109.9102187777332 -121 -265.8182613284823
v 99.59544575727266 -121 -257.5095138575105
v 104.3925033462668 -121 -251.5542768775177
v 264.8611996670356 -121 -102.6406137259881
v 265.6801561680542 -121 -110.2436341290605
v 252.5113385389601 -121 -111.6621083980061
v 251.6923820379429 -121 -104.0590879949461
v 205.4209789678264 -121 -196.1855552146202
v 203.2680461734172 -121 -203.5232312348107
v 190.5588184962712 -121 -199.7942422497818
v 192.7117512908821 -121 -192.4565662289038
v 283.978703689293 -121 6.530430763189059
v 287.6448707832237 -121 -0.1804430874640211
v 276.021296310707 -121 -6.530430763189138
v 272.3551292167763 -121 0.180443087463997
v -205.4209789678264 -121 196.1855552146202
v -203.2680461734172 -121 203.5232312348107
v -190.5588184962712 -121 199.7942422497818
v -192.7117512908821 -121 192.4565662289038
v 259.8630243484895 -121 114.7072763667274
v 265.8182613284822 -121 109.9102187777332
v 257.5095138575105 -121 99.59544575727266
v 251.5542768775177 -121 104.3925033462668
v -283.978703689293 -121 -6.530430763189088
v -287.6448707832237 -121 0.1804430874640285
v -276.021296310707 -121 6.530430763189112
v -272.3551292167763 -121 -0.180443087463976
v 196.1855552146202 -121 205.4209789678264
v 203.5232312348107 -121 203.2680461734172
v 199.7942422497818 -121 190.5588184962712
v 192.4565662289038 -121 192.7117512908821
v -196.1855552146202 -121 -205.4209789678264
v -203.5232312348107 -121 -203.2680461734172
v -199.7942422497818 -121 -190.5588184962712
v -192.4565662289038 -121 -192.7117512908821
v -264.8611996670356 -121 102.6406137259881
v -265.6801561680542 -121 110.2436341290605
v -252.5113385389601 -121 111.6621083980061
v -251.6923820379429 -121 104.0590879949461
v 244.7551618309196 -56 -10.37311092541476
v 235.8942033377767 -56 -4.974519388467706
v 245.2448381690803 -56 10.37311092541499
v 254.1057966622234 -56 4.974519388467878
v 113.394203337818 -56 -217.1507433155435
v 113.6390415068162 -56 -206.7776323901199
v 131.6057966621858 -56 -207.2017045384634
v 131.3609584931879 -56 -217.5748154638734
v -131.3609584932895 -56 -206.7776323902934
v -122.2551618309087 -56 -201.8031130015854
v -113.6390415068627 -56 -217.5748154639564
v -122.7448381687988 -56 -222.5493348524215
v -244.7551618309196 -56 10.3731109254147
v -235.8942033377767 -56 4.974519388467667
v -245.2448381690803 -56 -10.37311092541504
v -254.1057966622234 -56 -4.974519388467926
v -113.394203337818 -56 217.1507433155435
v -113.6390415068162 -56 206.7776323901199
v -131.6057966621858 -56 207.2017045384634
v -131.3609584931879 -56 217.5748154638734
v 198.8520527595344 -132 -132.5852975005877
v 124.8486031703196 -132.0543749694712 -202.0701181498304
v 122.8494547729967 -132.1888990803759 -201.8061102752861
v 115.6687361015766 -132.4396462848854 -204.366120763838
v -107.3619035697867 -138.8411450070361 -196.5246462651122
v -112.5735540782205 -132.0543749694734 -209.1571210474415
v -198.8520527595344 -132 -132.5852975005878
v -113.3444907491549 -132.1888990805371 -207.2938038115338
v -119.1518734587691 -132.4396918301623 -202.3552470169673
v -198.8520527595344 -132 132.5852975005877
v -124.8486031703195 -132.0543749694712 202.0701181498304
v -122.8494547729967 -132.1888990803759 201.8061102752861
v -115.6687361017639 -132.4396462849357 204.3661207642228
v -115.3228497565478 -132 -219.6695469804199
v -124.08619425888 -132 -222.4302652655697
v -132.3202062809709 -132 -208.8258620660691
v -132.5779832448014 -132 209.7072910163072
v -130.5871631610008 -132 218.6769291200811
v -114.688398375895 -132 219.0055911060496
v 132.5779832448014 -132 -209.7072910163072
v 130.5871631610008 -132 -218.6769291200811
v 114.688398375895 -132 -219.0055911060496
v 247.008604656837 -132 -10.17972904023141
v 234.8207212420455 -132.4396918347852 -2.010925866205568
v 236.1939455223443 -132.1888990805398 5.487693537811012
v 237.422147610413 -132.0543804605527 7.087012206281843
v 254.6733574202576 -132 3.75333614534419
v 247.9008330015998 -132 9.962255964229762
v -247.008604656837 -132 10.17972904023133
v -234.8207212420455 -132.4396918347852 2.010925866205568
v -236.1939455223443 -132.1888990805398 -5.487693537811012
v -237.422147610413 -132.0543804605527 -7.087012206281843
v -254.6733574202576 -132 -3.753336145344232
v -247.9008330015998 -132 -9.962255964229831
v -108.829597263 -464.9999999999998 -199.211241549
v 108.829597263 -464.9999999999998 199.211241549
v 205.1384235502815 -564 97.19684759962793
v 223.0913444398441 -564 -41.94343853361139
v 155.8309543492961 -564 -165.0627567520536
v 29.04843619665002 -564 -225.1337121679673
v -205.1384235502815 -564 -97.19684759962799
v -223.0913444398442 -564 41.94343853361116
v -155.8309543492962 -564 165.0627567520534
v -29.04843619665005 -564 225.1337121679673
v -196.1014874059856 -574 -92.91505064928984
v -213.2635322933408 -574 40.09570792201077
v -148.9661556053618 -574 157.7912687196574
v -27.76877009063744 -574 215.2159274023494
v 196.1014882956116 -574 92.91504877169307
v 213.2635321653737 -574 -40.09570860264992
v 148.9661561089585 -574 -157.7912682442264
v 27.76877215124697 -574 -215.2159271364741
v 81.64646403147133 -169.6273546180369 -278.2693926955634
v 278.2693926955634 -190.3726453819628 81.64646403147134
v 211.3881890174088 -184.1951474603871 -198.532197751247
v 280.3352168526283 -174.9421812903862 -74.24396401182986
v 226.3901299728298 -152.5486951854608 181.2388177264606
v -30.18809718740505 -207.4513048145409 -288.4244767494669
v 215.1084224098959 -239.8008924802907 194.4951583158969
v -47.48374392295304 -120.2043912339225 -286.0861654520529
v -81.64646403147157 -169.6273546180369 278.2693926955633
v -278.2693926955634 -190.3726453819628 -81.64646403147118
v -281.2726099172478 -175.8048525396424 70.60962335503396
v -213.9399055947221 -185.0578187096267 195.7797660487962
v -226.3901299728166 -152.5486951854703 -181.2388177264772
v 30.18809718747639 -207.4513048145018 288.4244767494595
v -220.5638249897451 -236.1767885116152 -188.2859503677668
v 47.48407459808233 -120.2044297646594 286.0861105673671
v 425.6106255980455 -22.31697415352731 -17.32050775300759
v 424.4786189216405 -12.38147906749916 -0.09473254456564943
v 425.6013510792116 -22.23557274643235 17.27294750399699
v 430.2790016792795 -27.95609926611087 -6.700697284613145
v 430.6052065116277 -30.81916233489606 8.659860543077372
v -169.2156461687156 -230.8003083554323 -420.6289581577466
v 21.25104114799024 -258.4848629230801 -456.0495760744981
v 341.8041928099129 -265.5780380801496 -303.8771070219818
v 442.2216575286673 -219.1298734832314 93.80140202929735
v 355.4065469547166 -221.3376980815876 279.7720117555412
v 378.7706051371729 -278.1967515856769 258.8848949167528
v 437.8724572707848 -214.2175265943768 -110.0940199573903
v 234.7314289730507 -103.4730099283782 370.8362207283524
v 195.1431114632739 -218.7063262277713 -407.718328649467
v 374.8203358197365 -220.6659105202576 -253.0349254374465
v -37.56810776269654 -220.6384795309213 -450.6692447024292
v 341.8287712555783 -113.6987829423851 -277.1199422282111
v 344.4903660747538 -117.3978782270822 274.4810754171175
v 190.9179219656096 -116.0102316443354 -396.7676481054908
v 429.4796953226818 -116.0884514789758 97.10437183535754
v 429.0796354081269 -116.4980407337525 -99.06479228304273
v -5.045266991731523 -116.9025981717518 -440.384275509306
v -163.8329559818998 -102.8276199818284 -407.078087849475
v -27.87501961060471 -274.6320891826668 -457.5358350398872
v 375.8392767064562 -273.814574745342 -262.2508576686607
v 434.9324523354738 -277.1650321027666 -145.6518953862758
v 334.474475354052 -198.3230028320892 -300.5790979895115
v 450.2613857944608 -257.7142360934737 -74.94894181485984
v 169.2156461687731 -230.8003083554021 420.6289581577197
v -21.25104114799515 -258.4848629230824 456.0495760744982
v -341.804192809913 -265.5780380801505 303.8771070219817
v -442.253738470147 -219.3463440944501 -93.7690130399194
v -355.4065469547169 -221.3376980815876 -279.7720117555409
v -378.7706051371808 -278.1967515857564 -258.8848949167573
v -437.8645469113247 -214.1005467713553 110.0708201379279
v -234.7314289728218 -103.4730099284607 -370.8362207285085
v -195.1431114632769 -218.7063262277686 407.7183286494652
v -374.8203358197431 -220.6659105202563 253.0349254374364
v 37.56810776269751 -220.6384795309213 450.6692447024292
v -341.8287712555793 -113.6987829423838 277.1199422282094
v -344.4903660747628 -117.3978782270861 -274.481075417107
v -190.9179219655996 -116.0102316443379 396.7676481054959
v -428.9228534927386 -115.4473176371891 99.21154057362158
v -429.5591370155485 -117.1524736556833 -97.30257102072531
v 5.045266991736611 -116.9025981717526 440.384275509306
v 163.8329559823356 -102.8276199818624 407.0780878493037
v 27.8750196106061 -274.6320891826657 457.5358350398869
v -375.8392767064599 -273.8145747453431 262.2508576686556
v -434.9322094965609 -277.1606590839599 145.6510515110016
v -334.4744753540577 -198.3230028320836 300.5790979895044
v -450.2613376993644 -257.7124752071889 74.94800887475702
v -251.2716481552193 -22.41757555779134 -342.8646188235419
v -278.9482821452265 -22.39859958661607 -321.9344860399756
v -264.732154891202 -12.38147906740859 -331.8116831323323
v -273.5135131485504 -27.95600053049972 -332.2277372233643
v -261.7074238278609 -30.81907271024626 -342.0600122520278
v 264.1075561680825 -12.4818570010815 -331.1804003104766
v 251.7910840661386 -22.39859958667204 -343.5916288240589
v 279.4561211711191 -22.21637385979177 -322.6469540065317
v 273.5135131484369 -27.95600053058286 -332.227737223467
v 261.7074238278382 -30.81907271034028 -342.0600122520596
v -111.7899983001099 -22.21637385967291 411.9463276559775
v -77.82102744830853 -22.31697415353232 418.7938541786301
v -102.2789474322292 -27.95600053043597 417.9999140760976
v -87.37596424924028 -30.81907271024924 421.7360175987517
v 111.6415794133845 -22.39859958663424 411.0840731036341
v 102.2789474322268 -27.95600053043036 417.9999140760975
v 87.37596424922981 -30.8190727102731 421.7360175987569
v -111.5935203714449 -22.31697415351935 -411.0855030550237
v -102.2789474321328 -27.95600053048648 -417.9999140761255
v -87.37596424927729 -30.81907271033408 -421.7360175987532
v -264.1075561680825 -12.4818570010815 331.1804003104766
v -251.7910840661386 -22.39859958667204 343.5916288240589
v -279.4561211711191 -22.21637385979177 322.6469540065317
v -273.513513148522 -27.95600053051702 332.2277372233896
v -261.7074238278519 -30.81907271028054 342.0600122520399
v 77.6245495477952 -22.41757555774086 -417.9330297010369
v 111.7899983001099 -22.21637385967291 -411.9463276559775
v 102.2789474322933 -27.9560005303977 -417.9999140760785
v 87.37596424931773 -30.81907271022452 -421.7360175987312
v -390.181488814497 -22.4175755581257 168.6771881246207
v -375.934748602956 -22.39859958662755 200.3173038119685
v -382.4419986960241 -12.3812561520691 184.1743575892043
v -390.5753731629591 -27.95600053039867 180.6537825081978
v -384.2045184868256 -30.8190727102199 194.6348263884901
v 278.948282145215 -22.39859958661796 321.9344860399613
v 251.2716481552193 -22.41757555779134 342.8646188235419
v 264.732154891202 -12.38147906740859 331.8116831323323
v 273.5135131484693 -27.95600053056252 332.2277372234382
v 261.7074238278477 -30.81907271030326 342.0600122520465
v 390.9770101797666 -22.31697415353169 169.0602913811234
v 375.9468363471893 -22.31697748531933 200.2707698136082
v 382.4419970159226 -12.3812561520691 184.174361077971
v 390.5753731629344 -27.9560005304251 180.653782508256
v 384.204518486823 -30.81907271023969 194.6348263885007
v -426.493587981453 -22.21637385971459 17.32050807564983
v -425.6106259776645 -22.31697748540058 -17.32050968911082
v -424.4785935236354 -12.38125615206909 -1.93610347730188e-06
v -430.2789904297828 -27.95600053054545 -6.700869406050457
v -430.6051963002009 -30.81907271035342 8.659826118789889
v 382.4419986960238 -12.3812561520691 -184.1743575892048
v 375.934748602956 -22.39859958662755 -200.3173038119685
v 390.977011361852 -22.31697748547397 -169.0602898014294
v 390.575373162942 -27.95600053042484 -180.6537825082402
v 384.204518486824 -30.8190727102437 -194.6348263884995
v -382.4419970159226 -12.3812561520691 -184.174361077971
v -375.9591164111461 -22.2355727463639 -200.2238935379174
v -391.0058565202417 -22.39859958675929 -169.0218257485173
v -390.5753731629549 -27.95600053039372 -180.6537825082052
v -384.2045184868248 -30.81907271021122 -194.6348263884895
v -321.1031563251751 0 175.4194537970714
v 321.1031563251749 0 -175.4194537970715
v 370.0041694429735 -184.9998322311392 252.8931475300585
v -12.88813997251785 -184.9998322311391 -447.9865235929462
v 431.8208528521047 -172.2070674033163 114.3872276329231
v 162.3474001916036 -164.961051806852 -415.283149107418
v 422.0778481980909 -184.9998322311212 -150.6927985449606
v 294.4934925421549 -163.6543372990057 -334.6006698957906
v 448.7479955563984 -198.4956593171638 -29.39214231901437
v 370.472168964348 -202.3583964766664 -255.7050342943886
v 299.0853659684464 -140.5953756986102 326.9506741448895
v -113.5229928720439 -140.5953756981592 -428.323860588697
v 292.7357558971102 -231.9863735045564 346.3971544963222
v -133.7876910559888 -232.9205724141141 -433.4542900957923
v -370.0041694429739 -184.9998322311387 -252.8931475300578
v 12.8881399725181 -184.9998322311393 447.9865235929462
v -431.8208528521177 -172.2070674032703 -114.3872276328539
v -162.3474001916074 -164.9610518069199 415.2831491074249
v -422.0778481980907 -184.9998322311212 150.6927985449613
v -294.4934925421584 -163.6543372990395 334.6006698957926
v -448.7479955563984 -198.4956593171651 29.39214231901693
v -370.4721689643438 -202.3583964766634 255.705034294394
v -299.0853659682346 -140.5953756987249 -326.9506741451009
v 113.5229928719966 -140.5953756981405 428.3238605887074
v -292.735899997463 -231.9863939640248 -346.3970357709024
v 133.7876910559808 -232.9205724141098 433.4542900957942
v 411.760848040682 -153.2263981986807 236.1326555318835
v 23.77655746761022 -153.2263981986803 -474.0678245807347
v 474.4817068732914 -153.307619873225 -13.65038082697103
v 375.840271842256 -153.3076198732251 -289.9367398513901
v 152.1474817063933 -153.2900123039762 -449.630314167541
v 275.4709177651915 -153.3440438377889 -386.576116471817
v 460.3950800949953 -153.3126014217008 115.5700098464045
v 447.0482467422597 -153.3529479676257 -159.6078819905381
v -101.6817647376534 -145.1464109671287 -462.186055651514
v 333.9542898869914 -145.1249486584169 335.2999877171701
v 298.0614415391393 -228.7446399099931 386.3721902604638
v -163.5173955804008 -229.7901769725461 -459.9631637295451
v -403.3951509093964 -153.7594925462881 -250.3342241750419
v -23.77655746760851 -153.2263981986802 474.0678245807347
v -267.8499597139731 -153.307619873225 391.8872569187935
v -447.0407195294677 -153.307619873225 159.6051945792784
v -458.8025556320973 -155.4843907243171 -123.2232543542088
v -151.5037133866646 -153.3126014217006 449.8518442572249
v -375.8466001912827 -153.3529479676257 289.9416217680516
v -474.4737622399161 -153.2625449766842 13.65015226753187
v 101.6817647375502 -145.1464109671542 462.1860556515413
v -332.6815997622112 -148.0212884882936 -337.2804895429618
v -297.2989593095307 -228.0593311427295 -386.8068023710545
v 163.5173955802085 -229.7901769725516 459.9631637296145
v 3.577237220343473 -90.86622966307587 273.2413031678149
v 7.509024876664049 -60.43880424969905 281.4460824325191
v -120.0897206897072 -64.19487474549928 -257.3969540261853
v 120.0897206897384 -64.19487474550236 257.3969540261718
v 31.3463313526982 -133.5224093497743 251.0533330624742
v 28.27839702928341 -135.1166582176892 267.3493685306964
v -9.607115449929763e-16 -182 276
v -20.52240934977426 -144.3463313526982 251.0533330624742
v -22.11665821768921 -141.2783970292834 267.3493685306964
v -251.0533330624742 -133.5224093497743 31.3463313526982
v -267.3493685306964 -135.1166582176892 28.27839702928342
v -276 -182 4.355914581001342e-15
v -260.7431893885258 -144.3463313526982 -20.52240934977426
v -244.4471539203034 -141.2783970292834 -22.11665821768921
v -31.34633135269821 -133.5224093497743 -251.0533330624742
v -28.27839702928342 -135.1166582176892 -267.3493685306964
v 1.800534547797872e-15 -182 -276
v 20.52240934977426 -144.3463313526982 -251.0533330624742
v 22.11665821768921 -141.2783970292834 -267.3493685306964
v 260.7431893885258 -133.5224093497743 -31.3463313526982
v 244.4471539203035 -135.1166582176892 -28.2783970292834
v 276 -182 0
v 251.0533330624742 -133.5224093497743 31.3463313526982
v 267.3493685306964 -135.1166582176892 28.27839702928341
v 127.3358447077447 -89.48815071470769 202.9960288330721
v 114.5719084914688 -98.46276740521947 218.8700076875017
v 71.36474412857805 -182 207.0460656362795
v 26.38966991776513 -142.246822484386 223.7194738228788
v 18.99999999999995 -182 255.8982612255
v -19.00000000000005 -182 255.8982612255
v -20.52240934977426 -219.6536686473018 260.7431893885258
v -22.11665821768921 -222.7216029707166 244.4471539203034
v 20.52240934977426 -219.6536686473018 260.7431893885258
v 22.11665821768925 -222.7216029707166 244.4471539203035
v -27.18802622902199 -139.0034773412903 226.2274224716199
v -194.7895945420658 -180.4138110584163 100.0900287647956
v -100.0900287647956 -180.4138110584167 194.7895945420658
v -223.7194718322181 -142.2468327960351 26.3896638489339
v -255.8982612255 -182 18.99999999999997
v -255.8982612255 -182 -19.00000000000003
v -251.0533330624742 -230.4775906502257 -31.34633135269821
v -267.3493685306964 -228.8833417823108 -28.27839702928342
v -260.7431893885258 -230.4775906502257 31.34633135269821
v -244.4471539203035 -228.8833417823108 28.27839702928343
v -226.2274224716199 -139.0034773412902 -27.18802622902199
v -202.5022749377346 -181.6130823215888 -83.38961952810516
v -145.5085312355868 -182.3869176784145 -163.6712171936846
v -71.36474412859758 -182 -207.0460656362728
v -26.3896638489339 -142.2468327960351 -223.7194718322181
v -18.99999999999999 -182 -255.8982612255
v 19.00000000000001 -182 -255.8982612255
v 31.34633135269821 -230.4775906502257 -260.7431893885258
v 28.2783970292834 -228.8833417823108 -244.4471539203034
v -20.52240934977426 -219.6536686473018 -260.7431893885258
v -22.11665821768917 -222.7216029707165 -244.4471539203035
v 27.18802622902199 -139.0034773412902 -226.2274224716199
v 195.0776606756421 -182 -99.52741484294179
v 100.0900287647955 -183.5861889415837 -194.7895945420659
v 223.7194718322181 -142.2468327960351 -26.38966384893389
v 255.8982612255 -182 -19
v 255.8982612255 -182 19
v 251.0533330624742 -230.4775906502257 31.34633135269821
v 267.3493685306964 -228.8833417823108 28.27839702928342
v 260.7431893885258 -219.6536686473018 -20.52240934977427
v 244.4471539203035 -222.7216029707166 -22.11665821768921
v 226.2274219336161 -139.0034766761421 27.18802739672063
v 202.5022749379228 -182.3869176784113 83.38961952764804
v 145.5178093323951 -182 163.6629682215885
v -26.38966384895071 -221.7531672039767 223.7194718322101
v -276.3502934356747 -275.173122996964 -81.08338496891004
v -208.3954179257469 -276.826877003036 198.7846819741231
v -279.8680669430333 -275.173122996964 67.95487550992793
v -81.0833849689102 -276.826877003036 276.3502934356747
v 67.95487550994581 -276.8268770029397 279.868066943029
v -198.7846819741098 -276.8268770030676 -208.3954179257596
v 81.08338496923767 -275.173122996964 -276.3502934355786
v 276.3502934355786 -275.173122996964 81.08338496923763
v 279.8624736315803 -276 -67.97790709350377
v 208.3954179259824 -276.8268770030359 -198.7846819738763
v -67.95487550969527 -275.1731229970821 -279.8680669430898
v 198.7846819738627 -276.8268770030674 208.3954179259952
v 27.18802739672049 -224.9965233238577 226.2274219336161
v -223.7194738228788 -221.7531775156141 -26.3896699177652
v -226.2274219336161 -224.9965233238577 27.18802739672048
v 26.38966991776518 -221.7531775156141 -223.7194738228788
v -27.18802739672048 -224.9965233238577 -226.2274219336161
v 223.7194738228788 -221.7531775156141 26.38966991776521
v 226.2274219336161 -224.9965233238577 -27.18802739672048
v 151.1781634302204 -42 -104.5565456945045
v -151.1781634302205 -42 104.5565456945046
v -101.4229580474574 -42 -151.9427141039346
v 101.4229580474573 -42 151.9427141039343
v 41.52389514592544 -42 -176.3300572309972
v 179.0717611199719 -42 39.85982113111646
v -179.0717611199718 -42 -39.85982113111646
v -41.52389514592554 -42 176.3300572309972
v -26.75541427459196 -42 197.6688842445804
v 26.75541427459159 -42 -197.6688842445806
v -2.61485274220028 -84.62844669992856 194.4921571288473
v -5.369509808728683 -53.78830152925907 193.0278295503772
v 5.522725109882401 -84.62844670000862 179.5964207857218
v 2.802188375405733 -53.78830152927019 178.0696363584043
v 157.8369934592216 -103.6177255863539 -17.00135276246134
v 99.58583656943134 -102.3822744136461 -123.6293802247933
v -17.00135276246602 -103.6177255863665 -157.836993459221
v 123.6293802247904 -103.6177255863583 99.58583656943495
v -157.8369934592166 -102.3822744136461 17.00135276250771
v -99.58583656939481 -102.3822744136461 123.6293802248227
v -123.6293802248198 -102.3822744136417 -99.58583656939845
v 17.00135276250112 -102.3822744136299 157.8369934592173
v 70.53646122705551 -84.62844669989366 163.4571418323874
v 73.64180641374176 -53.78830152929028 163.7558424898803
v 68.71867111634774 -84.62844669997405 180.3331239850175
v 71.81639442797297 -53.78830152931161 180.7025845326104
v 130.8990033902085 -84.62844670008357 123.0886906385988
v 127.8956937948861 -53.78830152920246 123.9328009900351
v 135.6777430876042 -84.62844669998634 139.3757032992243
v 132.6944704354621 -53.78830152918896 140.2881040301907
v 168.0389126768252 -54.37155329998622 63.6262420541762
v 165.5872434584498 -85.21169847068724 65.55541515560408
v 178.6866623825167 -54.37155330004892 76.84473518727216
v 176.2796384827512 -85.21169847079503 78.82933256621031
v 178.0078428711892 -54.37155330002749 -2.614852742315107
v 179.4721704497218 -85.21169847077026 -5.369509808853726
v 192.9035792143704 -54.37155330002749 5.522725109771229
v 194.4303636416401 -85.21169847069289 2.802188375276236
v 163.4571418323874 -84.62844669989366 -70.53646122705551
v 163.7558424898803 -53.78830152929028 -73.64180641374175
v 180.3331239850175 -84.62844669997406 -68.71867111634774
v 180.7025845326104 -53.7883015293116 -71.81639442797297
v 123.0886906385988 -84.62844670008357 -130.8990033902085
v 123.932800990035 -53.78830152920247 -127.8956937948862
v 139.3757032992243 -84.62844669998634 -135.6777430876042
v 140.2881040301907 -53.78830152918896 -132.6944704354622
v 63.6262420541762 -54.3715532999862 -168.0389126768252
v 65.55541515560408 -85.21169847068722 -165.5872434584498
v 76.84473518727218 -54.37155330004891 -178.6866623825167
v 78.82933256621031 -85.21169847079503 -176.2796384827512
v -5.522725109882378 -84.62844670000862 -179.5964207857218
v -2.802188375405725 -53.78830152927019 -178.0696363584043
v 2.614852742200308 -84.62844669992855 -194.4921571288473
v 5.369509808728708 -53.78830152925907 -193.0278295503772
v -70.53646122705551 -84.62844669989366 -163.4571418323874
v -73.64180641374176 -53.78830152929028 -163.7558424898803
v -68.71867111634774 -84.62844669997406 -180.3331239850175
v -71.81639442797297 -53.7883015293116 -180.7025845326104
v -130.8990033902085 -84.62844670008357 -123.0886906385988
v -127.8956937948862 -53.78830152920247 -123.9328009900351
v -135.6777430876042 -84.62844669998634 -139.3757032992243
v -132.6944704354621 -53.78830152918896 -140.2881040301907
v -168.0389126768252 -54.37155329998621 -63.6262420541762
v -165.5872434584498 -85.21169847068722 -65.55541515560408
v -178.6866623825167 -54.37155330004892 -76.84473518727218
v -176.2796384827512 -85.21169847079503 -78.82933256621031
v -179.5964207857219 -84.62844670000861 5.522725109882395
v -178.0696363584043 -53.78830152927019 2.802188375405728
v -194.4921571288473 -84.62844669992856 -2.614852742200336
v -193.0278295503772 -53.78830152925907 -5.369509808728776
v -163.4571418323874 -84.62844669989367 70.5364612270555
v -163.7558424898803 -53.78830152929029 73.64180641374175
v -180.3331239850175 -84.62844669997406 68.71867111634774
v -180.7025845326104 -53.7883015293116 71.81639442797297
v -123.0886906385988 -84.62844670008357 130.8990033902085
v -123.932800990035 -53.78830152920247 127.8956937948862
v -139.3757032992243 -84.62844669998634 135.6777430876042
v -140.2881040301907 -53.78830152918896 132.6944704354621
v -63.6262420541762 -54.37155329998621 168.0389126768252
v -65.55541515560409 -85.21169847068724 165.5872434584498
v -76.84473518727216 -54.37155330004892 178.6866623825167
v -78.82933256621031 -85.21169847079503 176.2796384827512
v 117.1572720122648 -359.7774430982904 -64.00330940384403
v 117.1572720122648 -247.5163915768424 -64.00330940384403
v 42.20441618884252 -370.4233533210007 -126.6532165172246
v 35.00285325463611 -265.7531036880368 -128.829539563077
v 129.3731181743067 -370.3899989489129 32.93700493148815
v 126.9488872318367 -263.7569766236476 41.30653738330535
v -117.1572720122648 -359.7774430982905 64.00330940384407
v -117.1572720122648 -247.5163915768424 64.00330940384407
v -42.20441618888751 -370.423353321073 126.6532165172096
v -35.0028532546503 -265.7531036881084 128.8295395630731
v -129.3731181743154 -370.3899989489313 -32.93700493145403
v -126.9488872318108 -263.7569766237069 -41.30653738338508
v -157.8369934592165 -524.9023413972877 17.00135276250801
v -99.633107468229 -524 123.5912877035608
v 17.00135276251332 -523.0976586026937 157.836993459216
v -123.6293802248192 -524.9023413972942 -99.58583656939915
v 157.8369934592219 -523.0976586027122 -17.00135276245827
v 99.63310746825734 -524 -123.5912877035379
v -17.0013527624766 -524.9023413973104 -157.8369934592199
v 123.6293802247879 -524.9023413972942 99.58583656943803
v -101.2599835092922 -90.8662296592565 253.8109968509661
v -100.7672824433907 -60.43878767298245 262.8957998596776
v -253.8109968509661 -90.8662296592565 -101.2599835092922
v -262.8957998596776 -60.43878767298246 -100.7672824433906
v 101.2599835092922 -90.8662296592565 -253.8109968509661
v 100.7672824433906 -60.43878767298246 -262.8957998596776
v 190.6812896737075 -90.86622965927006 -195.7402670659165
v 193.7026968407742 -60.43878767278218 -204.3220791577199
v 273.2413031677387 -90.86622965925136 -3.577237220199599
v 281.4460181890821 -60.43878767295867 -7.509037248332471
v -190.6812896737075 -90.86622965927006 195.7402670659165
v -193.7026968407742 -60.43878767278216 204.3220791577199
v 253.8109968509661 -90.8662296592565 101.2599835092922
v 262.8957998596776 -60.43878767298245 100.7672824433907
v 195.7402670659165 -90.86622965927006 190.6812896737075
v 204.3220791577199 -60.43878767278218 193.7026968407742
v -195.7402670659165 -90.86622965927006 -190.6812896737075
v -204.3220791577199 -60.43878767278218 -193.7026968407742
v -112.1317953121984 -89.48814643191943 211.7740951517928
v -132.2610325923549 -98.46276699916254 208.6571873072722
v 239.4676401947146 -89.48815071480246 -8.778061915073316
v 246.8329410294986 -98.46276740535066 10.21282053021509
v 246.2941950381923 -132 -1.854847790676615
v 245.3311182056691 -132 5.17201079691381
v -239.4676401947146 -89.48815071480247 8.778061915073275
v -246.8329410294985 -98.46276740535066 -10.21282053021517
v -246.2941950381925 -132 1.854847790676558
v -245.3311182056691 -132 -5.172010796913753
v 112.1317953121988 -89.48814643191585 -211.7740951517829
v 132.2610325923549 -98.46276699916254 -208.6571873072722
v -127.3358447073404 -89.48815071470474 -202.9960288328591
v -114.5719084796454 -98.46276703105559 -218.8700076734981
v 225.1337121679672 -464.3746110781263 29.04843619665029
v 97.19684759962784 -464.3746110781262 -205.1384235502816
v 199.2112415491544 -464.3944274238004 -108.8295972630812
v -41.94343853359833 -515.762938472884 -223.0913444398466
v -41.94343853359833 -414.2370615270565 -223.0913444398466
v 165.2662069600679 -415.4999999999999 155.6151690454116
v 165.2662069600679 -514.5 155.6151690454116
v -225.1337121679672 -464.3746110781262 -29.04843619665048
v -97.19684759962806 -464.3746110781262 205.1384235502815
v -199.2112415491534 -464.3944274238004 108.829597263083
v 41.9434385335982 -515.7629384728841 223.0913444398466
v 41.9434385335982 -414.2370615271745 223.0913444398466
v -165.0627567520632 -515.762938472884 -155.8309543492858
v -165.2662069600676 -415.4999999999999 -155.6151690454118
v -103.5834214299649 -574 136.7268427074891
v -110.0766848869359 -574 150.8090542250808
v 103.5834214299649 -574 -136.7268427074892
v 110.0766849708687 -574 -150.8090541458424
v 145.3837680616486 -574 101.1344584822799
v -145.383767972686 -574 -101.1344586700396
v -174.8306360740474 -574 31.57974478510903
v 174.8306360598288 -574 -31.57974486073556
v 30.51524939299623 -574 170.0265240466357
v -30.51524939299625 -574 -170.0265240466357
v 155.3694138760061 -574 -103.7232834760271
v -155.3694138760062 -574 103.723283476027
v -108.3560232147245 -574 -148.6592623460739
v -87.84247341426061 -574 -163.8797005500397
v 108.3560237212096 -574 148.6592620693799
v 87.84247412333963 -574 163.879700162668
v -36.51932902822147 -574 183.2062032536159
v 36.51932902822156 -574 -183.206203253616
v -116.9695684947327 -574 -130.008635977102
v 116.9695686138222 -574 130.0086358842112
v -131.8404588350735 -574 114.3116354939538
v 131.8404588350734 -574 -114.3116354939539
v 160.6066214980276 -574 -79.9992148473263
v -160.6066214980276 -574 79.99921484732627
f 676 2 1
f 670 2 676
f 4 3 671
f 3 665 671
f 665 666 671
f 666 667 673
f 671 666 672
f 672 666 673
f 667 668 674
f 667 674 673
f 674 668 669
f 669 670 675
f 674 669 675
f 675 670 676
f 2 683 1
f 2 677 683
f 688 3 4
f 688 682 3
f 683 677 678
f 678 679 685
f 683 678 684
f 684 678 685
f 685 679 680
f 680 681 686
f 685 680 686
f 687 681 682
f 686 681 687
f 687 682 688
f 700 699 2057
f 690 691 2058
f 698 697 2060
f 692 693 2059
f 2057 699 2059
f 2058 691 2060
f 693 2057 2059
f 697 2058 2060
f 2059 698 2060
f 692 2059 2060
f 699 698 2059
f 691 692 2060
f 689 5 2062
f 695 7 2061
f 7 690 2061
f 5 700 2062
f 697 696 2058
f 693 694 2057
f 690 2058 2061
f 700 2057 2062
f 2057 694 2064
f 2058 696 2063
f 2062 2057 2064
f 2061 2058 2063
f 694 6 2064
f 696 8 2063
f 8 695 2063
f 6 689 2064
f 695 2061 2063
f 689 2062 2064
f 710 709 2065
f 701 702 2066
f 703 704 2068
f 708 707 2067
f 2066 702 2067
f 2065 709 2068
f 707 2066 2067
f 704 2065 2068
f 2067 703 2068
f 708 2067 2068
f 702 703 2067
f 709 708 2068
f 689 6 2069
f 695 8 2070
f 8 710 2070
f 6 701 2069
f 707 706 2066
f 704 705 2065
f 701 2066 2069
f 710 2065 2070
f 2066 706 2071
f 2065 705 2072
f 2069 2066 2071
f 2070 2065 2072
f 706 5 2071
f 705 7 2072
f 5 689 2071
f 7 695 2072
f 689 2069 2071
f 695 2070 2072
f 722 10 9
f 716 10 722
f 12 11 711
f 12 711 717
f 711 712 718
f 717 711 718
f 718 712 713
f 719 713 714
f 718 713 719
f 720 714 715
f 719 714 720
f 721 715 716
f 720 715 721
f 721 716 722
f 10 729 9
f 10 723 729
f 734 11 12
f 728 11 734
f 723 724 730
f 723 730 729
f 724 725 731
f 724 731 730
f 731 725 726
f 732 726 727
f 732 731 726
f 733 727 728
f 732 727 733
f 733 728 734
f 13 743 16
f 13 735 743
f 750 14 15
f 742 14 750
f 735 736 744
f 743 735 744
f 736 737 745
f 744 736 745
f 737 738 746
f 737 746 745
f 747 738 739
f 747 746 738
f 739 740 748
f 747 739 748
f 749 740 741
f 749 748 740
f 741 742 750
f 741 750 749
f 758 13 16
f 14 751 15
f 15 751 759
f 766 758 16
f 751 752 760
f 759 751 760
f 761 752 753
f 761 760 752
f 753 754 762
f 753 762 761
f 763 754 755
f 763 762 754
f 755 756 764
f 755 764 763
f 757 764 756
f 765 757 758
f 765 764 757
f 765 758 766
f 15 17 750
f 743 18 16
f 17 767 750
f 743 774 18
f 744 774 743
f 745 773 744
f 744 773 774
f 746 772 745
f 772 773 745
f 747 771 746
f 746 771 772
f 748 770 747
f 747 770 771
f 749 769 748
f 748 769 770
f 750 768 749
f 749 768 769
f 767 768 750
f 759 17 15
f 16 18 766
f 782 17 759
f 18 775 766
f 781 759 760
f 782 759 781
f 761 780 760
f 780 781 760
f 779 761 762
f 779 780 761
f 778 762 763
f 778 779 762
f 777 763 764
f 778 763 777
f 776 764 765
f 776 777 764
f 775 765 766
f 775 776 765
f 19 792 22
f 19 783 792
f 791 20 21
f 791 21 800
f 792 783 784
f 784 785 793
f 792 784 793
f 786 794 785
f 793 785 794
f 795 786 787
f 795 794 786
f 796 787 788
f 795 787 796
f 797 788 789
f 796 788 797
f 790 798 789
f 797 789 798
f 791 799 790
f 799 798 790
f 800 799 791
f 809 19 22
f 20 810 21
f 20 801 810
f 818 809 22
f 801 802 810
f 802 803 811
f 810 802 811
f 804 812 803
f 811 803 812
f 804 805 813
f 813 812 804
f 814 805 806
f 813 805 814
f 807 815 806
f 814 806 815
f 817 807 808
f 816 815 807
f 816 807 817
f 808 809 818
f 817 808 818
f 23 800 21
f 827 24 22
f 827 22 792
f 23 819 800
f 826 792 793
f 827 792 826
f 825 793 794
f 825 826 793
f 795 824 794
f 824 825 794
f 823 795 796
f 823 824 795
f 822 796 797
f 822 823 796
f 821 797 798
f 821 822 797
f 820 798 799
f 820 821 798
f 819 799 800
f 820 799 819
f 836 23 21
f 836 21 810
f 22 24 828
f 22 828 818
f 811 836 810
f 812 835 811
f 811 835 836
f 813 834 812
f 812 834 835
f 814 833 813
f 833 834 813
f 815 832 814
f 814 832 833
f 816 831 815
f 815 831 832
f 817 830 816
f 816 830 831
f 818 829 817
f 817 829 830
f 828 829 818
f 25 837 23
f 23 837 819
f 827 26 24
f 827 845 26
f 819 838 820
f 837 838 819
f 820 839 821
f 820 838 839
f 821 840 822
f 821 839 840
f 822 841 823
f 840 841 822
f 823 842 824
f 823 841 842
f 842 825 824
f 843 826 825
f 843 825 842
f 826 844 827
f 843 844 826
f 844 845 827
f 836 25 23
f 24 26 828
f 836 854 25
f 26 846 828
f 846 829 828
f 829 847 830
f 847 829 846
f 848 831 830
f 847 848 830
f 849 832 831
f 848 849 831
f 850 833 832
f 849 850 832
f 833 851 834
f 850 851 833
f 852 835 834
f 851 852 834
f 835 853 836
f 852 853 835
f 853 854 836
f 27 855 25
f 25 855 837
f 845 28 26
f 845 863 28
f 837 855 838
f 838 857 839
f 855 856 838
f 838 856 857
f 839 858 840
f 839 857 858
f 840 859 841
f 858 859 840
f 859 842 841
f 842 861 843
f 859 860 842
f 842 860 861
f 843 862 844
f 861 862 843
f 862 845 844
f 862 863 845
f 872 27 25
f 872 25 854
f 26 28 846
f 28 864 846
f 846 865 847
f 864 865 846
f 847 866 848
f 847 865 866
f 866 849 848
f 867 850 849
f 867 849 866
f 850 869 851
f 868 850 867
f 850 868 869
f 869 852 851
f 852 871 853
f 870 852 869
f 852 870 871
f 871 854 853
f 872 854 871
f 696 666 665
f 666 697 667
f 698 668 667
f 697 698 667
f 668 699 669
f 698 699 668
f 700 670 669
f 706 678 677
f 707 679 678
f 680 679 708
f 679 707 708
f 709 681 680
f 709 680 708
f 710 682 681
f 5 2 670
f 2 5 677
f 8 665 3
f 682 8 3
f 5 670 700
f 5 706 677
f 8 696 665
f 710 8 682
f 696 697 666
f 699 700 669
f 706 707 678
f 709 710 681
f 717 718 690
f 691 719 692
f 691 718 719
f 692 720 693
f 692 719 720
f 693 720 721
f 721 722 694
f 701 729 730
f 703 702 731
f 731 702 730
f 703 732 704
f 703 731 732
f 704 732 733
f 705 733 734
f 722 9 6
f 6 9 729
f 694 722 6
f 6 729 701
f 12 717 7
f 7 734 12
f 7 717 690
f 705 734 7
f 690 718 691
f 721 694 693
f 730 702 701
f 704 733 705
f 672 858 857
f 684 867 866
f 687 870 869
f 675 861 860
f 672 673 858
f 867 684 685
f 687 869 686
f 674 675 860
f 4 855 27
f 1 864 28
f 863 1 28
f 872 4 27
f 4 671 855
f 1 683 864
f 1 863 676
f 872 688 4
f 687 688 871
f 862 675 676
f 683 684 865
f 671 672 856
f 673 674 859
f 686 868 685
f 687 871 870
f 675 862 861
f 684 866 865
f 672 857 856
f 673 859 858
f 868 867 685
f 869 868 686
f 674 860 859
f 671 856 855
f 683 865 864
f 863 862 676
f 688 872 871
f 873 29 2073
f 32 875 2073
f 30 874 2075
f 874 873 2074
f 876 31 2075
f 875 876 2074
f 876 874 2074
f 31 30 2075
f 29 32 2073
f 875 873 2073
f 873 875 2074
f 874 876 2075
f 33 878 32
f 33 32 29
f 879 33 29
f 878 35 32
f 879 877 33
f 877 879 36
f 877 36 34
f 880 37 2077
f 31 876 2077
f 35 880 2076
f 875 32 2076
f 876 2076 2077
f 876 875 2076
f 2076 880 2077
f 37 31 2077
f 32 35 2076
f 881 38 31
f 38 30 31
f 38 883 30
f 882 883 38
f 883 882 40
f 37 881 31
f 882 39 40
f 873 874 30
f 884 885 36
f 36 40 884
f 873 30 29
f 29 30 883
f 879 29 883
f 879 40 36
f 883 40 879
f 34 885 886
f 884 39 886
f 885 34 36
f 40 39 884
f 884 886 885
f 771 45 772
f 770 41 771
f 899 767 17
f 767 63 768
f 774 54 18
f 772 49 773
f 769 35 770
f 46 772 890
f 44 771 43
f 61 62 767
f 768 37 769
f 773 50 774
f 48 772 47
f 66 770 33
f 65 38 768
f 51 52 774
f 64 768 902
f 891 772 46
f 770 904 42
f 896 774 53
f 893 773 49
f 61 767 900
f 35 769 880
f 53 774 895
f 903 768 64
f 47 772 891
f 66 904 770
f 880 769 37
f 50 773 893
f 52 895 774
f 65 768 903
f 57 59 17
f 899 17 59
f 54 56 18
f 33 770 878
f 770 35 878
f 881 37 768
f 38 881 768
f 41 770 887
f 888 771 41
f 887 770 42
f 43 771 888
f 44 889 771
f 889 45 771
f 890 772 45
f 48 892 772
f 49 772 892
f 894 774 50
f 51 774 894
f 54 897 56
f 54 774 896
f 897 55 56
f 57 58 898
f 57 898 59
f 60 767 899
f 900 767 60
f 62 901 767
f 63 767 901
f 902 768 63
f 791 911 20
f 788 886 789
f 784 919 785
f 787 905 788
f 19 916 783
f 913 2085 57
f 58 2085 912
f 783 2096 784
f 905 2098 788
f 68 2098 905
f 916 19 73
f 922 785 77
f 76 785 919
f 2080 2097 786
f 73 2078 915
f 34 886 788
f 70 790 908
f 20 911 72
f 70 2083 790
f 2079 2088 918
f 917 2088 74
f 784 2096 2079
f 56 2095 914
f 67 2087 924
f 914 2078 19
f 34 2100 877
f 920 2086 76
f 19 2078 73
f 76 2086 785
f 71 2082 910
f 882 2081 39
f 39 2081 789
f 791 2082 71
f 909 2082 70
f 69 2081 907
f 78 2099 2080
f 906 2084 68
f 43 2089 44
f 51 2094 52
f 47 2091 48
f 65 2092 38
f 2084 2098 68
f 61 2090 62
f 33 2093 66
f 923 2099 78
f 912 2085 913
f 2088 2094 918
f 77 2086 921
f 71 911 791
f 785 2086 77
f 915 2095 55
f 791 2083 2082
f 917 2094 2088
f 57 2085 58
f 39 789 886
f 2087 2099 924
f 920 2091 2086
f 2084 2093 877
f 915 2078 914
f 882 2092 2081
f 877 2100 2084
f 2081 2092 907
f 2082 2090 910
f 909 2090 2082
f 906 2093 2084
f 2086 2091 921
f 924 2099 2089
f 67 2097 2087
f 914 2095 915
f 910 2090 61
f 877 2093 33
f 44 2089 923
f 924 2089 43
f 48 2091 920
f 907 2092 65
f 921 2091 47
f 52 2094 917
f 918 2094 51
f 38 2092 882
f 62 2090 909
f 66 2093 906
f 74 2096 783
f 2088 2096 74
f 788 2100 34
f 2087 2097 2080
f 55 2095 56
f 2079 2096 2088
f 787 2097 67
f 784 2079 75
f 78 2080 786
f 2089 2099 923
f 2080 2099 2087
f 2098 2100 788
f 919 784 75
f 790 69 908
f 2084 2100 2098
f 786 922 78
f 787 67 905
f 783 916 74
f 72 913 20
f 790 789 69
f 789 2081 69
f 2082 2083 70
f 912 913 72
f 75 2079 918
f 785 922 786
f 786 2097 787
f 790 2083 791
f 809 925 19
f 806 940 807
f 802 931 803
f 805 937 806
f 20 928 801
f 914 2108 56
f 81 2108 926
f 801 2119 802
f 937 2121 806
f 96 2121 937
f 928 20 83
f 103 808 807
f 934 803 91
f 88 803 931
f 2103 2120 804
f 83 2101 927
f 940 806 99
f 808 943 104
f 19 925 80
f 104 2106 808
f 2102 2111 930
f 929 2111 84
f 802 2119 2102
f 57 2118 913
f 95 2110 936
f 913 2101 20
f 99 2123 939
f 932 2109 88
f 20 2101 83
f 88 2109 803
f 79 2105 945
f 941 2104 100
f 100 2104 807
f 809 2105 79
f 944 2105 104
f 103 2104 942
f 92 2122 2103
f 938 2107 96
f 94 2112 93
f 86 2117 85
f 98 2115 97
f 90 2114 89
f 2107 2121 96
f 106 2113 105
f 102 2116 101
f 935 2122 92
f 926 2108 914
f 2111 2117 930
f 91 2109 933
f 809 79 925
f 803 2109 91
f 927 2118 82
f 809 2106 2105
f 929 2117 2111
f 56 2108 81
f 2107 2115 939
f 100 807 940
f 2110 2122 936
f 932 2114 2109
f 927 2101 913
f 939 2123 2107
f 2105 2113 945
f 941 2116 2104
f 938 2115 2107
f 2104 2116 942
f 944 2113 2105
f 2109 2114 933
f 936 2122 2112
f 95 2120 2110
f 913 2118 927
f 945 2113 106
f 942 2116 102
f 93 2112 935
f 936 2112 94
f 89 2114 932
f 97 2115 938
f 933 2114 90
f 939 2115 98
f 85 2117 929
f 930 2117 86
f 105 2113 944
f 101 2116 941
f 84 2119 801
f 2111 2119 84
f 806 2123 99
f 2110 2120 2103
f 82 2118 57
f 2102 2119 2111
f 805 2120 95
f 802 2102 87
f 92 2103 804
f 2112 2122 935
f 2103 2122 2110
f 2121 2123 806
f 87 931 802
f 943 808 103
f 2107 2123 2121
f 92 804 934
f 937 805 95
f 801 928 84
f 80 914 19
f 80 926 914
f 87 2102 930
f 807 2104 103
f 2105 2106 104
f 803 934 804
f 804 2120 805
f 808 2106 809
f 779 115 780
f 778 114 779
f 775 18 946
f 775 109 776
f 782 120 17
f 780 117 781
f 777 112 778
f 116 780 958
f 93 779 94
f 105 775 106
f 776 111 777
f 781 118 782
f 89 780 90
f 97 778 98
f 102 101 776
f 86 85 782
f 110 776 949
f 959 780 116
f 954 113 778
f 964 782 119
f 961 781 117
f 106 775 947
f 112 777 952
f 963 119 782
f 950 776 110
f 90 780 959
f 97 954 778
f 952 777 111
f 118 781 961
f 85 963 782
f 102 776 950
f 120 57 17
f 56 107 18
f 946 18 107
f 56 81 966
f 56 966 107
f 965 82 57
f 120 965 57
f 86 782 962
f 89 960 780
f 93 957 779
f 94 779 956
f 98 778 953
f 101 951 776
f 105 948 775
f 775 946 108
f 947 775 108
f 948 109 775
f 949 776 109
f 111 776 951
f 953 778 112
f 955 778 113
f 114 778 955
f 956 779 114
f 957 115 779
f 958 780 115
f 117 780 960
f 962 782 118
f 120 782 964
f 122 968 2124
f 969 970 2126
f 124 969 2125
f 968 967 2126
f 967 121 2125
f 970 123 2124
f 969 967 2125
f 970 968 2126
f 968 970 2124
f 123 122 2124
f 121 124 2125
f 967 969 2126
f 106 947 124
f 106 124 121
f 971 106 121
f 971 945 106
f 947 108 124
f 945 971 125
f 945 125 79
f 946 107 2128
f 123 970 2128
f 108 946 2127
f 969 124 2127
f 970 2127 2128
f 970 969 2127
f 2127 946 2128
f 107 123 2128
f 124 108 2127
f 123 966 81
f 123 81 122
f 81 972 122
f 926 972 81
f 926 126 972
f 80 126 926
f 966 123 107
f 121 967 968
f 125 973 974
f 125 126 973
f 968 122 121
f 121 122 972
f 971 121 972
f 971 126 125
f 972 126 971
f 973 80 925
f 974 925 79
f 974 79 125
f 80 973 126
f 974 973 925
f 976 975 2129
f 978 129 2131
f 975 127 2130
f 130 977 2130
f 977 978 2129
f 128 976 2131
f 977 975 2130
f 978 976 2129
f 976 978 2131
f 129 128 2131
f 975 977 2129
f 127 130 2130
f 130 47 891
f 47 130 127
f 979 47 127
f 979 921 47
f 921 979 131
f 46 130 891
f 77 921 131
f 46 890 2133
f 977 130 2133
f 890 45 2132
f 129 978 2132
f 2132 977 2133
f 978 977 2132
f 890 2132 2133
f 45 129 2132
f 130 46 2133
f 889 44 129
f 44 128 129
f 128 44 980
f 923 980 44
f 923 132 980
f 889 129 45
f 132 923 78
f 976 127 975
f 982 132 981
f 131 132 982
f 128 127 976
f 979 127 128
f 980 979 128
f 980 132 131
f 131 979 980
f 77 982 922
f 981 78 922
f 982 77 131
f 132 78 981
f 981 922 982
f 986 135 2134
f 983 133 2135
f 136 985 2135
f 134 984 2134
f 135 134 2134
f 984 986 2134
f 133 136 2135
f 985 983 2135
f 984 983 985
f 986 984 985
f 136 86 962
f 86 136 133
f 86 133 987
f 987 930 86
f 930 987 137
f 930 137 87
f 118 136 962
f 118 961 2137
f 985 136 2137
f 961 117 2136
f 135 986 2136
f 2136 985 2137
f 986 985 2136
f 961 2136 2137
f 117 135 2136
f 136 118 2137
f 960 89 135
f 89 134 135
f 89 988 134
f 932 988 89
f 988 932 138
f 932 88 138
f 960 135 117
f 990 138 989
f 984 133 983
f 137 138 990
f 134 133 984
f 987 133 134
f 987 134 988
f 988 138 137
f 988 137 987
f 87 990 931
f 989 88 931
f 990 87 137
f 138 88 989
f 989 931 990
f 142 993 2138
f 991 139 2138
f 993 991 2138
f 139 142 2138
f 992 141 140
f 994 141 992
f 991 993 992
f 993 994 992
f 965 142 82
f 82 142 139
f 995 82 139
f 995 927 82
f 965 120 142
f 927 995 143
f 927 143 83
f 964 119 2140
f 141 994 2140
f 120 964 2139
f 993 142 2139
f 994 2139 2140
f 994 993 2139
f 2139 964 2140
f 119 141 2140
f 142 120 2139
f 963 85 141
f 85 140 141
f 140 85 996
f 929 996 85
f 996 929 144
f 929 84 144
f 119 963 141
f 143 997 998
f 992 140 991
f 144 997 143
f 140 139 991
f 996 139 140
f 995 139 996
f 995 144 143
f 996 144 995
f 997 84 928
f 83 998 928
f 998 83 143
f 144 84 997
f 997 928 998
f 148 1001 2141
f 999 145 2141
f 145 148 2141
f 1001 999 2141
f 1000 147 146
f 1002 147 1000
f 1000 999 1001
f 1002 1000 1001
f 55 897 148
f 145 55 148
f 897 54 148
f 1003 55 145
f 1003 915 55
f 915 1003 149
f 915 149 73
f 896 53 2143
f 147 1002 2143
f 54 896 2142
f 1001 148 2142
f 1002 2142 2143
f 1002 1001 2142
f 2142 896 2143
f 53 147 2143
f 148 54 2142
f 895 52 147
f 52 146 147
f 146 52 1004
f 917 1004 52
f 150 1004 917
f 895 147 53
f 74 150 917
f 1006 149 1005
f 999 1000 146
f 149 150 1005
f 146 145 999
f 1004 145 146
f 1003 145 1004
f 149 1003 150
f 150 1003 1004
f 1005 74 916
f 73 1006 916
f 1006 73 149
f 150 74 1005
f 1005 916 1006
f 1008 1007 2144
f 1010 153 2146
f 1007 151 2145
f 154 1009 2145
f 1009 1010 2144
f 152 1008 2146
f 1009 1007 2145
f 1010 1008 2144
f 1008 1010 2146
f 153 152 2146
f 1007 1009 2144
f 151 154 2145
f 90 959 154
f 90 154 151
f 1011 90 151
f 1011 933 90
f 959 116 154
f 155 933 1011
f 933 155 91
f 116 958 2148
f 1009 154 2148
f 958 115 2147
f 153 1010 2147
f 2147 1009 2148
f 1010 1009 2147
f 958 2147 2148
f 115 153 2147
f 154 116 2148
f 153 957 93
f 152 153 93
f 1012 152 93
f 935 1012 93
f 935 156 1012
f 92 156 935
f 957 153 115
f 1008 151 1007
f 1014 156 1013
f 155 156 1014
f 152 151 1008
f 1011 151 152
f 1011 152 1012
f 1012 156 155
f 1011 1012 155
f 91 1014 934
f 1013 92 934
f 1014 91 155
f 156 92 1013
f 1013 934 1014
f 1015 157 2149
f 1018 159 2150
f 160 1017 2149
f 158 1016 2150
f 159 158 2150
f 157 160 2149
f 1016 1018 2150
f 1017 1015 2149
f 1016 1015 1017
f 1018 1016 1017
f 51 894 160
f 157 51 160
f 894 50 160
f 1019 51 157
f 1019 918 51
f 161 918 1019
f 918 161 75
f 50 893 2152
f 1017 160 2152
f 893 49 2151
f 159 1018 2151
f 2151 1017 2152
f 1018 1017 2151
f 893 2151 2152
f 49 159 2151
f 160 50 2152
f 892 48 159
f 48 158 159
f 48 1020 158
f 920 1020 48
f 1020 920 162
f 892 159 49
f 920 76 162
f 1022 162 1021
f 157 1015 1016
f 161 162 1022
f 158 157 1016
f 1019 157 158
f 158 1020 1019
f 1020 162 161
f 1019 1020 161
f 75 1022 919
f 1021 76 919
f 1022 75 161
f 162 76 1021
f 1021 919 1022
f 164 1024 2153
f 1024 1023 2155
f 1025 1026 2155
f 1023 163 2154
f 166 1025 2154
f 1026 165 2153
f 1025 1023 2154
f 165 164 2153
f 1024 1026 2153
f 1023 1025 2155
f 1026 1024 2155
f 163 166 2154
f 94 956 166
f 94 166 163
f 94 163 1027
f 1027 936 94
f 936 1027 167
f 936 167 95
f 166 956 114
f 114 955 2157
f 1025 166 2157
f 955 113 2156
f 165 1026 2156
f 2156 1025 2157
f 1026 1025 2156
f 955 2156 2157
f 113 165 2156
f 166 114 2157
f 954 97 165
f 97 164 165
f 164 97 1028
f 938 1028 97
f 1028 938 168
f 938 96 168
f 954 165 113
f 1030 167 1029
f 1024 163 1023
f 167 168 1029
f 164 163 1024
f 1027 163 164
f 1027 164 1028
f 1028 168 167
f 1027 1028 167
f 1029 96 937
f 95 1030 937
f 1030 95 167
f 96 1029 168
f 1029 937 1030
f 170 1032 2159
f 1033 1034 2160
f 172 1033 2158
f 1032 1031 2160
f 1031 169 2158
f 1034 171 2159
f 1033 1031 2158
f 1034 1032 2160
f 1032 1034 2159
f 171 170 2159
f 169 172 2158
f 1031 1033 2160
f 61 900 172
f 61 172 169
f 1035 61 169
f 1035 910 61
f 910 1035 173
f 172 900 60
f 910 173 71
f 899 59 2162
f 171 1034 2162
f 60 899 2161
f 1033 172 2161
f 1034 2161 2162
f 1034 1033 2161
f 2161 899 2162
f 59 171 2162
f 172 60 2161
f 898 58 171
f 58 170 171
f 170 58 1036
f 912 1036 58
f 1036 912 174
f 898 171 59
f 912 72 174
f 1032 169 1031
f 1037 1038 173
f 1037 173 174
f 170 169 1032
f 1036 169 170
f 1035 169 1036
f 174 173 1035
f 1036 174 1035
f 1037 72 911
f 1038 911 71
f 1038 71 173
f 72 1037 174
f 1038 1037 911
f 178 1041 2163
f 176 1040 2164
f 1040 1039 2165
f 1041 1042 2165
f 1039 175 2163
f 1042 177 2164
f 1040 1042 2164
f 1039 1041 2165
f 175 178 2163
f 1041 1039 2163
f 1042 1040 2165
f 177 176 2164
f 903 178 65
f 65 178 175
f 1043 65 175
f 1043 907 65
f 907 1043 179
f 178 903 64
f 907 179 69
f 902 63 2167
f 177 1042 2167
f 64 902 2166
f 1041 178 2166
f 1042 2166 2167
f 1042 1041 2166
f 2166 902 2167
f 63 177 2167
f 178 64 2166
f 901 62 177
f 62 176 177
f 62 1044 176
f 909 1044 62
f 1044 909 180
f 901 177 63
f 909 70 180
f 1046 180 1045
f 1039 1040 176
f 179 180 1046
f 176 175 1039
f 1044 175 176
f 1043 175 1044
f 1043 180 179
f 1043 1044 180
f 1045 70 908
f 1046 908 69
f 1046 69 179
f 180 70 1045
f 1046 1045 908
f 184 1049 2168
f 1048 1047 2170
f 182 1048 2169
f 1049 1050 2170
f 1050 183 2169
f 1047 181 2168
f 1049 1047 2168
f 181 184 2168
f 1048 1050 2169
f 1047 1049 2170
f 1050 1048 2170
f 183 182 2169
f 98 953 184
f 181 98 184
f 1051 98 181
f 1051 939 98
f 953 112 184
f 939 1051 185
f 939 185 99
f 112 952 2172
f 1049 184 2172
f 952 111 2171
f 183 1050 2171
f 2171 1049 2172
f 1050 1049 2171
f 952 2171 2172
f 111 183 2171
f 184 112 2172
f 951 101 183
f 183 101 182
f 101 1052 182
f 941 1052 101
f 1052 941 186
f 186 941 100
f 951 183 111
f 1048 181 1047
f 1054 185 1053
f 182 181 1048
f 185 186 1053
f 1052 181 182
f 1051 181 1052
f 1051 186 185
f 1052 186 1051
f 1053 100 940
f 99 1054 940
f 1054 99 185
f 100 1053 186
f 1053 940 1054
f 1058 189 2175
f 1056 1055 2173
f 1057 1058 2173
f 188 1056 2175
f 1055 187 2174
f 190 1057 2174
f 1057 1055 2174
f 1056 1058 2175
f 1055 1057 2173
f 1058 1056 2173
f 189 188 2175
f 187 190 2174
f 43 888 190
f 43 190 187
f 888 41 190
f 1059 43 187
f 1059 924 43
f 1059 191 924
f 924 191 67
f 41 887 2177
f 1057 190 2177
f 887 42 2176
f 189 1058 2176
f 2176 1057 2177
f 1058 1057 2176
f 887 2176 2177
f 190 41 2177
f 42 189 2176
f 904 66 189
f 66 188 189
f 66 1060 188
f 906 1060 66
f 1060 906 192
f 904 189 42
f 906 68 192
f 191 1061 1062
f 187 1055 1056
f 191 192 1061
f 1056 188 187
f 187 188 1059
f 1059 188 1060
f 1060 192 191
f 1059 1060 191
f 1061 68 905
f 67 1062 905
f 1062 67 191
f 192 68 1061
f 1061 905 1062
f 1064 1063 2178
f 1065 1066 2178
f 1063 193 2180
f 194 1064 2179
f 1066 195 2179
f 196 1065 2180
f 195 194 2179
f 1065 1063 2180
f 1063 1065 2178
f 1066 1064 2178
f 193 196 2180
f 1064 1066 2179
f 196 102 950
f 102 196 193
f 1067 102 193
f 1067 942 102
f 942 1067 197
f 942 197 103
f 110 196 950
f 949 109 2182
f 195 1066 2182
f 110 949 2181
f 1065 196 2181
f 1066 2181 2182
f 1066 1065 2181
f 2181 949 2182
f 109 195 2182
f 196 110 2181
f 948 105 195
f 195 105 194
f 105 1068 194
f 944 1068 105
f 1068 944 198
f 944 104 198
f 948 195 109
f 1070 198 1069
f 1064 194 1063
f 197 198 1070
f 194 193 1063
f 1068 193 194
f 1067 193 1068
f 1067 198 197
f 1068 198 1067
f 1069 104 943
f 1070 943 103
f 1070 103 197
f 198 104 1069
f 1070 1069 943
f 1078 13 200
f 735 13 1078
f 14 1071 199
f 14 742 1071
f 735 1077 736
f 1078 1077 735
f 736 1076 737
f 1077 1076 736
f 737 1075 738
f 1076 1075 737
f 739 738 1074
f 1074 738 1075
f 739 1073 740
f 1074 1073 739
f 741 740 1072
f 1072 740 1073
f 741 1071 742
f 1072 1071 741
f 13 1079 200
f 13 758 1079
f 1086 14 199
f 751 14 1086
f 752 751 1086
f 1085 753 752
f 752 1086 1085
f 1084 754 753
f 1085 1084 753
f 755 754 1083
f 1083 754 1084
f 1082 756 755
f 755 1083 1082
f 757 756 1081
f 1081 756 1082
f 1080 758 757
f 1080 757 1081
f 1079 758 1080
f 711 1095 1096
f 1088 723 1087
f 728 1093 1094
f 1102 716 1101
f 711 1096 712
f 724 723 1088
f 727 1093 728
f 1101 716 715
f 727 1092 1093
f 1101 715 1100
f 712 1096 1097
f 1089 724 1088
f 1098 2184 713
f 1090 2183 725
f 726 2183 1091
f 714 2184 1099
f 713 2184 714
f 725 2183 726
f 1091 2183 1090
f 1099 2184 1098
f 1087 10 201
f 201 10 1102
f 10 716 1102
f 1087 723 10
f 202 11 1094
f 1095 11 202
f 711 11 1095
f 1094 11 728
f 712 1097 713
f 1097 1098 713
f 715 714 1100
f 714 1099 1100
f 725 724 1089
f 1089 1090 725
f 726 1092 727
f 1091 1092 726
f 1094 1104 202
f 1094 1086 1104
f 1079 1087 1103
f 1089 1082 1090
f 1091 1090 1083
f 1091 1084 1092
f 1088 1081 1089
f 1093 1092 1085
f 1088 1087 1080
f 1094 1093 1086
f 1086 199 1104
f 1103 200 1079
f 201 1103 1087
f 1079 1080 1087
f 1080 1081 1088
f 1089 1081 1082
f 1083 1090 1082
f 1091 1083 1084
f 1085 1092 1084
f 1086 1093 1085
f 1102 1103 201
f 1102 1078 1103
f 1071 1095 1104
f 1097 1096 1072
f 1100 1076 1101
f 1097 1073 1098
f 1099 1075 1100
f 1099 1098 1074
f 1101 1077 1102
f 1096 1095 1071
f 1104 199 1071
f 1078 200 1103
f 1104 1095 202
f 1096 1071 1072
f 1097 1072 1073
f 1098 1073 1074
f 1099 1074 1075
f 1100 1075 1076
f 1101 1076 1077
f 1102 1077 1078
f 1122 204 203
f 1122 1113 204
f 206 205 1114
f 205 1105 1114
f 1114 1105 1106
f 1106 1107 1116
f 1114 1106 1115
f 1115 1106 1116
f 1107 1108 1116
f 1108 1109 1117
f 1116 1108 1117
f 1109 1110 1119
f 1117 1109 1118
f 1118 1109 1119
f 1110 1111 1120
f 1110 1120 1119
f 1120 1111 1112
f 1112 1113 1122
f 1120 1112 1121
f 1121 1112 1122
f 203 204 1123
f 203 1123 1132
f 1131 205 206
f 1131 206 1140
f 1123 1124 1133
f 1123 1133 1132
f 1124 1125 1133
f 1134 1125 1126
f 1133 1125 1134
f 1126 1127 1136
f 1135 1134 1126
f 1126 1136 1135
f 1136 1127 1128
f 1137 1128 1129
f 1136 1128 1137
f 1129 1130 1139
f 1137 1129 1138
f 1138 1129 1139
f 1130 1131 1139
f 1139 1131 1140
f 207 204 1141
f 204 1113 1141
f 1149 205 208
f 1105 205 1149
f 1106 1105 1149
f 1106 1148 1107
f 1148 1106 1149
f 1108 1107 1147
f 1148 1147 1107
f 1108 1146 1109
f 1108 1147 1146
f 1110 1109 1145
f 1146 1145 1109
f 1111 1110 1144
f 1144 1110 1145
f 1111 1143 1112
f 1111 1144 1143
f 1113 1112 1142
f 1143 1142 1112
f 1113 1142 1141
f 1123 204 207
f 208 205 1150
f 205 1131 1150
f 1158 1123 207
f 1124 1123 1158
f 1124 1157 1125
f 1157 1124 1158
f 1126 1125 1156
f 1157 1156 1125
f 1126 1155 1127
f 1155 1126 1156
f 1128 1127 1154
f 1155 1154 1127
f 1129 1128 1153
f 1153 1128 1154
f 1130 1129 1152
f 1152 1129 1153
f 1151 1131 1130
f 1130 1152 1151
f 1151 1150 1131
f 2189 1163 2192
f 1164 1163 2189
f 1165 1164 2191
f 2186 1142 2188
f 1148 2185 2187
f 2188 1143 2190
f 1143 1144 2190
f 1164 2189 2191
f 1161 2186 2188
f 2185 1166 2187
f 1142 1143 2188
f 1147 1148 2187
f 1161 1160 2186
f 1167 1166 2185
f 1162 2188 2190
f 2187 1165 2191
f 1163 2190 2192
f 1141 1142 2186
f 1148 1149 2185
f 1145 1146 2189
f 1166 1165 2187
f 1162 1161 2188
f 1163 1162 2190
f 210 1167 2193
f 1160 209 2194
f 1168 210 2193
f 209 1159 2194
f 1147 2187 2191
f 1146 1147 2191
f 1141 2186 2196
f 2185 1149 2195
f 1144 1145 2192
f 2190 1144 2192
f 2186 2194 2196
f 1167 2185 2193
f 2186 1160 2194
f 2193 2185 2195
f 2189 1146 2191
f 207 1141 2196
f 1149 208 2195
f 1145 2189 2192
f 208 1168 2195
f 1159 207 2196
f 2194 1159 2196
f 1168 2193 2195
f 2201 1172 2204
f 1173 1172 2201
f 1174 1173 2203
f 2198 1151 2200
f 1157 2197 2199
f 2200 1152 2202
f 1152 1153 2202
f 1173 2201 2203
f 1170 2198 2200
f 2197 1175 2199
f 1151 1152 2200
f 1156 1157 2199
f 1170 1169 2198
f 1176 1175 2197
f 1171 2200 2202
f 2199 1174 2203
f 1172 2202 2204
f 1157 1158 2197
f 1150 1151 2198
f 1154 1155 2201
f 1175 1174 2199
f 1171 1170 2200
f 1172 1171 2202
f 209 1176 2205
f 1169 210 2206
f 1159 209 2205
f 210 1168 2206
f 1156 2199 2203
f 1155 1156 2203
f 1150 2198 2208
f 2197 1158 2207
f 1153 1154 2204
f 2202 1153 2204
f 2198 2206 2208
f 1176 2197 2205
f 2198 1169 2206
f 2205 2197 2207
f 2201 1155 2203
f 208 1150 2208
f 1158 207 2207
f 1154 2201 2204
f 207 1159 2207
f 1168 208 2208
f 2206 1168 2208
f 1159 2205 2207
f 1160 211 209
f 210 212 1167
f 1184 211 1160
f 212 1177 1167
f 1183 1160 1161
f 1183 1184 1160
f 1182 1161 1162
f 1182 1183 1161
f 1163 1181 1162
f 1181 1182 1162
f 1180 1163 1164
f 1180 1181 1163
f 1179 1164 1165
f 1179 1180 1164
f 1178 1165 1166
f 1178 1179 1165
f 1177 1166 1167
f 1177 1178 1166
f 209 211 1176
f 1169 212 210
f 211 1185 1176
f 1169 1192 212
f 1191 1169 1170
f 1191 1192 1169
f 1190 1170 1171
f 1190 1191 1170
f 1189 1171 1172
f 1189 1190 1171
f 1188 1172 1173
f 1188 1189 1172
f 1174 1187 1173
f 1187 1188 1173
f 1186 1174 1175
f 1186 1187 1174
f 1185 1175 1176
f 1185 1186 1175
f 1180 1196 1181
f 1196 1197 1181
f 1184 213 211
f 212 214 1193
f 212 1193 1177
f 1200 213 1184
f 1193 1178 1177
f 1194 1179 1178
f 1193 1194 1178
f 1179 1196 1180
f 1194 1195 1179
f 1195 1196 1179
f 1181 1198 1182
f 1197 1198 1181
f 1182 1198 1183
f 1199 1184 1183
f 1198 1199 1183
f 1199 1200 1184
f 1204 1189 1188
f 211 213 1201
f 211 1201 1185
f 1208 214 212
f 1208 212 1192
f 1201 1186 1185
f 1186 1203 1187
f 1201 1202 1186
f 1186 1202 1203
f 1187 1204 1188
f 1187 1203 1204
f 1189 1206 1190
f 1204 1205 1189
f 1189 1205 1206
f 1206 1191 1190
f 1207 1192 1191
f 1206 1207 1191
f 1207 1208 1192
f 1212 1213 1196
f 1213 1214 1197
f 1211 1212 1195
f 1214 1215 1198
f 1195 1212 1196
f 1197 1214 1198
f 1196 1213 1197
f 1210 1211 1194
f 1215 1216 1199
f 1194 1211 1195
f 1198 1215 1199
f 1193 1210 1194
f 1199 1216 1200
f 1209 1210 1193
f 1216 1217 1200
f 214 1209 1193
f 1200 1217 213
f 1217 216 213
f 215 1209 214
f 1221 1222 1204
f 1222 1223 1205
f 1220 1221 1203
f 1223 1224 1206
f 1203 1221 1204
f 1205 1223 1206
f 1204 1222 1205
f 1219 1220 1202
f 1224 1225 1207
f 1202 1220 1203
f 1206 1224 1207
f 1201 1219 1202
f 1207 1225 1208
f 1218 1219 1201
f 1225 1226 1208
f 213 1218 1201
f 1208 1226 214
f 216 1218 213
f 1226 215 214
f 1235 2215 2209
f 2210 2213 1229
f 2211 2215 1234
f 2213 2214 1230
f 1231 2214 2212
f 1233 2216 2211
f 2212 2216 1232
f 1235 2209 1236
f 1228 2210 1229
f 1234 2215 1235
f 1229 2213 1230
f 1230 2214 1231
f 1233 2211 1234
f 1232 2216 1233
f 1231 2212 1232
f 1228 2217 2210
f 2209 2218 1236
f 1228 2220 2217
f 2218 2219 1236
f 216 2217 1237
f 1227 2218 215
f 1217 2217 216
f 215 2218 1209
f 2209 2215 1210
f 1211 2215 2211
f 1216 2213 2210
f 1215 2214 2213
f 2212 2214 1214
f 2211 2216 1212
f 1213 2216 2212
f 1209 2209 1210
f 1216 2210 1217
f 1210 2215 1211
f 1215 2213 1216
f 1214 2214 1215
f 1211 2211 1212
f 1213 2212 1214
f 1212 2216 1213
f 218 2220 1228
f 1236 2219 217
f 2210 2217 1217
f 1209 2218 2209
f 1237 2220 218
f 217 2219 1227
f 2217 2220 1237
f 1227 2219 2218
f 1244 2228 2225
f 2222 2226 1239
f 1240 2226 2223
f 2224 2228 1243
f 2223 2227 1241
f 1242 2227 2224
f 1245 2221 1246
f 1238 2222 1239
f 1239 2226 1240
f 1243 2228 1244
f 1241 2227 1242
f 1240 2223 1241
f 1242 2224 1243
f 1244 2225 1245
f 1245 2225 2221
f 2230 2231 1246
f 2225 2228 1220
f 1238 2229 2222
f 2221 2230 1246
f 1238 2232 2229
f 215 2229 1227
f 1237 2230 216
f 1219 2225 1220
f 1226 2229 215
f 216 2230 1218
f 1225 2226 2222
f 2223 2226 1224
f 1221 2228 2224
f 1223 2227 2223
f 2224 2227 1222
f 1218 2221 1219
f 1225 2222 1226
f 1224 2226 1225
f 1220 2228 1221
f 1223 2223 1224
f 1221 2224 1222
f 1222 2227 1223
f 2221 2225 1219
f 217 2232 1238
f 1246 2231 218
f 2222 2229 1226
f 1218 2230 2221
f 218 2231 1237
f 1227 2232 217
f 2229 2232 1227
f 1237 2231 2230
f 1114 1236 1247
f 1248 1228 1122
f 1122 203 1248
f 206 1114 1247
f 1247 1236 217
f 1228 1248 218
f 1114 1115 1236
f 1235 1115 1116
f 1236 1115 1235
f 1116 1117 1234
f 1235 1116 1234
f 1117 1118 1233
f 1234 1117 1233
f 1118 1119 1232
f 1233 1118 1232
f 1231 1119 1120
f 1232 1119 1231
f 1230 1120 1121
f 1231 1120 1230
f 1122 1229 1121
f 1230 1121 1229
f 1122 1228 1229
f 1132 1246 1248
f 1247 1238 1140
f 203 1132 1248
f 1140 206 1247
f 1238 1247 217
f 218 1248 1246
f 1132 1133 1246
f 1133 1134 1245
f 1246 1133 1245
f 1134 1135 1244
f 1245 1134 1244
f 1243 1135 1136
f 1244 1135 1243
f 1136 1137 1242
f 1243 1136 1242
f 1241 1137 1138
f 1242 1137 1241
f 1138 1139 1240
f 1241 1138 1240
f 1140 1239 1139
f 1240 1139 1239
f 1140 1238 1239
f 1250 220 219
f 221 1249 219
f 1249 1250 219
f 1252 221 219
f 219 220 1251
f 1252 219 1251
f 223 220 1253
f 1254 221 222
f 1254 222 1255
f 1255 222 224
f 220 1250 1254
f 1253 220 1254
f 1254 1249 221
f 1250 1249 1254
f 220 2233 1251
f 1258 1259 2234
f 2233 221 1252
f 1252 1251 2233
f 2234 1259 1260
f 2234 223 1258
f 2234 225 1257
f 2234 1257 223
f 2234 1260 225
f 2233 1256 222
f 1256 2233 1257
f 2233 220 223
f 2233 223 1257
f 221 2233 222
f 1270 1276 1271
f 1261 1272 1262
f 1271 229 227
f 226 228 1261
f 1267 1275 1268
f 1265 1274 1266
f 1272 1263 1262
f 1263 1273 1264
f 1264 1273 1265
f 1268 1275 1269
f 1274 1267 1266
f 1269 1276 1270
f 228 1272 1261
f 1276 229 1271
f 1272 1273 1263
f 1273 1274 1265
f 1274 1275 1267
f 1275 1276 1269
f 227 1338 1271
f 1269 1289 1268
f 1263 1317 1262
f 1266 1303 1265
f 1326 1328 251
f 1265 1310 1264
f 1262 1324 1261
f 1268 1296 1267
f 1271 1282 1270
f 1332 2235 1337
f 1336 2235 1333
f 1284 1269 233
f 1312 1263 245
f 1298 1266 239
f 1281 1271 1277
f 1309 1265 1305
f 1323 1262 1319
f 1295 1268 1291
f 1338 227 1337
f 1303 1266 1302
f 1317 1263 1316
f 1289 1269 1288
f 1319 1262 248
f 1291 1268 236
f 1305 1265 242
f 1277 1271 230
f 1330 2235 1331
f 1311 1264 1310
f 1325 1261 1324
f 1297 1267 1296
f 1283 1270 1282
f 226 1261 1325
f 1329 226 1325
f 1337 227 1332
f 1339 230 1271
f 1277 231 1280
f 1277 1278 232
f 1281 1277 232
f 233 1269 1283
f 234 1269 1284
f 234 1287 1269
f 1285 235 1269
f 235 1288 1269
f 236 1268 1290
f 1291 237 1294
f 1292 238 1291
f 1295 1291 238
f 239 1266 1297
f 240 1266 1298
f 240 1301 1266
f 1299 241 1266
f 241 1302 1266
f 242 1265 1304
f 1305 243 1308
f 1306 244 1305
f 1309 1305 244
f 245 1263 1311
f 246 1263 1312
f 246 1315 1263
f 1313 247 1263
f 247 1316 1263
f 248 1262 1318
f 1319 249 1322
f 1320 250 1319
f 1323 1319 250
f 251 1328 1325
f 1326 252 1327
f 1333 2235 253
f 253 2235 1330
f 1333 254 1336
f 255 2235 1334
f 1337 2235 255
f 1318 1262 1317
f 1324 1262 1323
f 1263 1264 1311
f 1300 1299 1266
f 1301 1300 1266
f 1266 1267 1297
f 1290 1268 1289
f 1296 1268 1295
f 1269 1270 1283
f 1277 1279 1278
f 1279 1277 1280
f 1271 1281 1282
f 1286 1285 1269
f 1287 1286 1269
f 1291 1293 1292
f 1291 1294 1293
f 1304 1265 1303
f 1305 1307 1306
f 1305 1308 1307
f 1310 1265 1309
f 1314 1313 1263
f 1315 1314 1263
f 1319 1321 1320
f 1319 1322 1321
f 1334 2235 1335
f 1335 2235 1336
f 1338 1339 1271
f 1328 1329 1325
f 1326 1327 1328
f 1331 2235 1332
f 1345 1340 1346
f 1344 1355 1354
f 1355 228 226
f 229 1345 227
f 1350 1342 1351
f 1347 1341 1348
f 1349 1342 1350
f 1353 1344 1354
f 1343 1353 1352
f 1341 1349 1348
f 1351 1343 1352
f 1340 1347 1346
f 1344 228 1355
f 229 1340 1345
f 1340 1341 1347
f 1341 1342 1349
f 1342 1343 1351
f 1343 1344 1353
f 1256 1392 1394
f 1370 1277 1372
f 1362 1305 1364
f 1382 1384 1381
f 1385 1387 1402
f 1397 1298 1366
f 1291 236 1398
f 280 1403 1388
f 1400 1376 268
f 1319 248 1395
f 1404 1391 222
f 1284 263 1399
f 1312 259 1396
f 1379 272 1401
f 248 258 1395
f 1400 268 269
f 280 281 1403
f 236 262 1398
f 285 252 1326
f 253 1373 286
f 286 1371 1333
f 1393 1356 285
f 1363 240 1397
f 1402 1383 276
f 285 1356 252
f 1333 253 286
f 1396 259 1362
f 1401 272 1381
f 1399 263 1370
f 1404 222 1256
f 240 1298 1397
f 1395 258 1360
f 1398 262 1368
f 1402 276 1385
f 285 1358 1395
f 285 1326 1358
f 1404 1394 285
f 1399 1372 286
f 286 1375 1400
f 1373 1375 286
f 1404 1256 1394
f 1395 1357 1319
f 1395 1360 1396
f 1396 1360 1312
f 1362 1364 1396
f 1396 1364 1397
f 1365 1291 1398
f 1397 1366 1398
f 1398 1368 1399
f 1368 1284 1399
f 1399 1370 1372
f 1400 1374 1376
f 1400 1378 1401
f 1401 1378 1379
f 1381 1384 1401
f 1402 1384 1383
f 1401 1384 1402
f 1388 1403 1386
f 1402 1387 1403
f 1403 1390 1404
f 1390 1391 1404
f 222 1391 224
f 225 1392 1257
f 264 1277 230
f 231 1277 1369
f 233 263 1284
f 234 1284 1367
f 237 1291 1365
f 261 1298 239
f 260 1305 242
f 243 1305 1361
f 245 259 1312
f 1359 246 1312
f 1357 249 1319
f 1326 251 257
f 1333 1371 254
f 1393 256 1356
f 1326 257 1358
f 1364 1305 260
f 1366 1298 261
f 1372 1277 264
f 266 1373 265
f 266 1375 1373
f 1374 267 1376
f 269 1378 1400
f 270 1379 1377
f 271 272 1379
f 273 1382 1380
f 275 1382 274
f 275 1384 1382
f 1385 277 278
f 278 1387 1385
f 1386 279 1388
f 281 1390 1403
f 1391 1389 282
f 284 1392 283
f 1394 1392 284
f 1394 1393 285
f 1372 1371 286
f 1257 1392 1256
f 1395 1358 1357
f 1360 1359 1312
f 1361 1305 1362
f 1364 1363 1397
f 1398 1366 1365
f 1367 1284 1368
f 1369 1277 1370
f 1400 1375 1374
f 1379 1378 1377
f 1380 1382 1381
f 1403 1387 1386
f 1390 1389 1391
f 226 1439 1355
f 1353 1445 1352
f 1347 1427 1346
f 1350 1415 1349
f 1373 1331 265
f 1349 1421 1348
f 1352 1409 1351
f 1346 1433 1345
f 1355 1254 1354
f 1329 2236 1438
f 1437 2236 1356
f 1379 1347 271
f 1391 1353 224
f 1385 1350 277
f 1392 1253 1355
f 1420 1349 1382
f 1408 1352 1388
f 1432 1346 1376
f 1439 226 1438
f 1415 1350 1414
f 1427 1347 1426
f 1445 1353 1444
f 1388 1352 280
f 1376 1346 268
f 1382 1349 274
f 1392 1355 283
f 1327 2236 1328
f 1422 1348 1421
f 1434 1345 1433
f 1410 1351 1409
f 1354 1254 1255
f 1392 1258 223
f 223 1253 1392
f 224 1353 1255
f 1392 225 1260
f 1438 226 1329
f 1332 227 1434
f 227 1345 1434
f 252 2236 1327
f 1356 2236 252
f 1373 253 1330
f 1356 256 1437
f 265 1331 1434
f 1376 267 1431
f 268 1346 1428
f 270 1347 1379
f 270 1425 1347
f 271 1347 1422
f 1382 273 1419
f 274 1349 1416
f 276 1350 1385
f 276 1413 1350
f 277 1350 1410
f 1388 279 1407
f 1446 280 1352
f 282 1353 1391
f 282 1443 1353
f 283 1355 1440
f 1388 1405 287
f 1408 1388 287
f 1411 288 1350
f 288 1414 1350
f 1417 289 1382
f 1420 1382 289
f 1423 290 1347
f 290 1426 1347
f 1429 291 1376
f 1432 1376 291
f 292 2236 1435
f 1438 2236 292
f 1441 293 1353
f 293 1444 1353
f 1254 1355 1253
f 1392 1259 1258
f 1392 1260 1259
f 1428 1346 1427
f 1433 1346 1432
f 1347 1348 1422
f 1412 1411 1350
f 1413 1412 1350
f 1350 1351 1410
f 1352 1408 1409
f 1445 1446 1352
f 1354 1255 1353
f 1388 1406 1405
f 1406 1388 1407
f 1416 1349 1415
f 1382 1418 1417
f 1382 1419 1418
f 1421 1349 1420
f 1424 1423 1347
f 1425 1424 1347
f 1376 1430 1429
f 1376 1431 1430
f 1435 2236 1436
f 1436 2236 1437
f 1440 1355 1439
f 1442 1441 1353
f 1443 1442 1353
f 1328 2236 1329
f 1331 1332 1434
f 1373 1330 1331
f 297 1449 298
f 1448 1447 294
f 1448 294 1449
f 296 295 1447
f 296 1447 1448
f 1448 1449 297
f 297 299 2237
f 2237 299 2238
f 301 2237 2238
f 1450 297 2237
f 299 1451 2238
f 301 300 2237
f 300 1450 2237
f 1451 301 2238
f 299 307 1451
f 306 2239 303
f 302 2239 301
f 301 2239 306
f 1453 304 305
f 1452 304 1453
f 1451 307 1454
f 1454 302 301
f 301 1451 1454
f 303 2239 302
f 306 303 1453
f 303 1452 1453
f 308 302 2240
f 2240 302 2241
f 307 2240 2241
f 1455 308 2240
f 302 1454 2241
f 307 309 2240
f 1454 307 2241
f 309 1455 2240
f 311 310 2242
f 2242 310 2243
f 313 2242 2243
f 1456 311 2242
f 310 1457 2243
f 313 312 2242
f 312 1456 2242
f 1457 313 2243
f 316 2244 313
f 314 2244 317
f 315 1458 310
f 310 1458 1457
f 313 2244 314
f 317 2244 316
f 1460 318 319
f 1459 318 1460
f 316 313 1457
f 1460 314 317
f 1457 1458 316
f 317 1459 1460
f 320 316 2245
f 320 2245 2246
f 2245 321 2246
f 316 1458 2245
f 1461 320 2246
f 315 321 2245
f 1458 315 2245
f 321 1461 2246
f 323 322 2247
f 2247 322 2248
f 325 2247 2248
f 1462 323 2247
f 322 1463 2248
f 325 324 2247
f 324 1462 2247
f 1463 325 2248
f 330 331 1465
f 328 2249 325
f 326 2249 329
f 1464 322 327
f 1463 322 1464
f 329 2249 328
f 1465 331 1466
f 325 2249 326
f 328 325 1463
f 1466 326 329
f 328 1463 1464
f 1466 329 1465
f 332 328 2250
f 2250 328 2251
f 327 2250 2251
f 1467 332 2250
f 328 1464 2251
f 327 333 2250
f 1464 327 2251
f 333 1467 2250
f 335 334 2252
f 335 2252 2253
f 2252 336 2253
f 334 1469 2252
f 1468 335 2253
f 337 336 2252
f 336 1468 2253
f 1469 337 2252
f 342 343 1471
f 340 2254 337
f 338 2254 341
f 1470 334 339
f 1469 334 1470
f 341 2254 340
f 1471 343 1472
f 337 2254 338
f 340 337 1469
f 341 1471 338
f 1471 1472 338
f 340 1469 1470
f 339 345 2255
f 339 2255 2256
f 2255 340 2256
f 345 1473 2255
f 1470 339 2256
f 344 340 2255
f 340 1470 2256
f 1473 344 2255
f 1447 348 1477
f 294 1447 1477
f 295 1476 346
f 1447 346 1478
f 1447 295 346
f 1474 1475 345
f 1476 1474 346
f 347 1475 1474
f 347 1474 1476
f 1447 1478 348
f 349 348 2257
f 351 350 2257
f 1480 1479 2257
f 350 1480 2257
f 1479 349 2257
f 1478 346 2257
f 346 1481 2257
f 348 1478 2257
f 1481 351 2257
f 1477 348 2258
f 348 349 2258
f 350 351 2258
f 1483 1482 2258
f 1482 350 2258
f 349 1483 2258
f 1449 294 2258
f 294 1477 2258
f 298 1449 2258
f 1485 298 2258
f 351 1484 2258
f 1484 1485 2258
f 353 285 1395
f 1490 286 352
f 1490 1399 286
f 353 1395 1486
f 1396 1486 1395
f 1397 1487 1396
f 1487 1486 1396
f 1397 1398 1489
f 1488 1487 1397
f 1397 1489 1488
f 1398 1399 1489
f 1489 1399 1490
f 1495 285 353
f 1404 285 1495
f 352 286 1491
f 286 1400 1491
f 1492 1400 1401
f 1491 1400 1492
f 1493 1401 1402
f 1492 1401 1493
f 1493 1402 1403
f 1494 1403 1404
f 1493 1403 1494
f 1494 1404 1495
f 355 2259 354
f 296 2259 295
f 354 2259 296
f 295 2259 355
f 297 1450 1448
f 1448 1450 2260
f 296 1448 2260
f 1450 300 2260
f 1496 296 2260
f 300 1496 2260
f 300 301 2261
f 306 356 2261
f 356 300 2261
f 301 306 2261
f 308 2262 302
f 303 2262 357
f 302 2262 303
f 357 2262 308
f 303 357 2263
f 2263 357 2264
f 358 2263 2264
f 1452 303 2263
f 357 1497 2264
f 358 304 2263
f 304 1452 2263
f 1497 358 2264
f 305 304 1502
f 304 1501 1502
f 305 1502 360
f 319 318 1499
f 318 1498 1499
f 319 1499 1500
f 1507 331 330
f 330 1506 1507
f 331 1507 359
f 1504 343 342
f 342 1503 1504
f 343 1504 1505
f 1508 1500 1501
f 1510 1505 1506
f 358 1501 304
f 305 360 369
f 1498 318 362
f 319 1500 361
f 330 365 1506
f 331 359 364
f 342 367 1503
f 343 1505 366
f 1508 1501 358
f 364 359 363
f 363 359 1509
f 1509 359 1498
f 369 360 368
f 368 360 1511
f 1511 360 1503
f 361 1500 1508
f 1509 1498 362
f 1506 365 1510
f 366 1505 1510
f 1503 367 1511
f 356 306 2265
f 356 2265 2266
f 2265 369 2266
f 306 1453 2265
f 1512 356 2266
f 305 369 2265
f 1453 305 2265
f 369 1512 2266
f 370 1513 2267
f 1514 370 2267
f 309 1514 2267
f 1455 309 2267
f 1513 308 2267
f 308 1455 2267
f 371 2268 1515
f 1515 2269 370
f 373 2269 1516
f 1516 2268 372
f 370 2269 373
f 1515 2268 1516
f 372 2268 371
f 1516 2269 1515
f 1456 1518 311
f 1518 1456 2270
f 371 1518 2270
f 1456 312 2270
f 1517 371 2270
f 312 1517 2270
f 312 313 2271
f 314 374 2271
f 374 312 2271
f 313 314 2271
f 320 2272 316
f 317 2272 375
f 316 2272 317
f 375 2272 320
f 362 318 2273
f 2273 318 2274
f 317 2273 2274
f 1519 362 2273
f 318 1459 2274
f 317 375 2273
f 1459 317 2274
f 375 1519 2273
f 319 361 2275
f 2275 361 2276
f 374 2275 2276
f 1460 319 2275
f 361 1520 2276
f 374 314 2275
f 314 1460 2275
f 1520 374 2276
f 376 1521 2277
f 1522 376 2277
f 321 1522 2277
f 1461 321 2277
f 1521 320 2277
f 320 1461 2277
f 1523 2278 376
f 1524 2279 378
f 379 2278 1524
f 377 2279 1523
f 376 2278 379
f 1524 2278 1523
f 378 2279 377
f 1523 2279 1524
f 381 2280 377
f 378 2280 380
f 380 2280 381
f 377 2280 378
f 1462 1526 323
f 1526 1462 2281
f 381 1526 2281
f 1462 324 2281
f 1525 381 2281
f 324 1525 2281
f 324 325 2282
f 326 382 2282
f 382 324 2282
f 325 326 2282
f 332 2283 328
f 329 2283 383
f 328 2283 329
f 383 2283 332
f 365 330 2284
f 365 2284 2285
f 2284 383 2285
f 330 1465 2284
f 1527 365 2285
f 329 383 2284
f 1465 329 2284
f 383 1527 2285
f 382 326 2286
f 382 2286 2287
f 2286 364 2287
f 326 1466 2286
f 1528 382 2287
f 331 364 2286
f 1466 331 2286
f 364 1528 2287
f 384 1529 2288
f 1530 384 2288
f 333 1530 2288
f 1467 333 2288
f 1529 332 2288
f 332 1467 2288
f 387 2290 1532
f 385 2289 1531
f 1532 2289 386
f 1531 2290 384
f 1531 2289 1532
f 384 2290 387
f 1532 2290 1531
f 386 2289 385
f 1468 1534 335
f 1534 1468 2291
f 385 1534 2291
f 1468 336 2291
f 1533 385 2291
f 336 1533 2291
f 336 337 2292
f 338 388 2292
f 388 336 2292
f 337 338 2292
f 344 2293 340
f 341 2293 389
f 340 2293 341
f 389 2293 344
f 367 342 2294
f 2294 342 2295
f 341 2294 2295
f 1535 367 2294
f 342 1471 2295
f 341 389 2294
f 1471 341 2295
f 389 1535 2294
f 388 338 2296
f 388 2296 2297
f 2296 366 2297
f 338 1472 2296
f 1536 388 2297
f 343 366 2296
f 1472 343 2296
f 366 1536 2297
f 347 1537 2298
f 1475 347 2298
f 345 1475 2298
f 1473 345 2298
f 1537 344 2298
f 344 1473 2298
f 390 2299 1538
f 295 2300 1476
f 1538 2300 355
f 1476 2299 347
f 355 2300 295
f 1538 2299 1476
f 347 2299 390
f 1476 2300 1538
f 354 1540 355
f 1540 1539 355
f 369 368 1540
f 1540 368 1539
f 354 296 1496
f 1496 300 356
f 354 1496 1541
f 1541 1496 356
f 1542 357 308
f 1513 1542 308
f 373 1542 370
f 370 1542 1513
f 1497 1543 358
f 1543 1497 2301
f 373 1543 2301
f 1497 357 2301
f 1542 373 2301
f 357 1542 2301
f 1498 2302 1499
f 1547 2303 1546
f 1499 2304 1500
f 1548 2305 1547
f 1544 2307 391
f 392 2306 1548
f 1545 2302 1544
f 1500 2303 1501
f 1501 2305 1502
f 1546 2304 1545
f 1502 2306 360
f 359 2307 1498
f 1546 2303 1500
f 1544 2302 1498
f 1499 2302 1545
f 1502 2305 1548
f 1500 2304 1546
f 1501 2303 1547
f 1545 2304 1499
f 1547 2305 1501
f 1498 2307 1544
f 391 2307 359
f 360 2306 392
f 1548 2306 1502
f 1506 2308 1507
f 1503 2309 1504
f 1552 2311 1551
f 1549 2313 392
f 1507 2312 359
f 1551 2310 1550
f 1504 2310 1505
f 1553 2308 1552
f 1505 2311 1506
f 1550 2309 1549
f 391 2312 1553
f 360 2313 1503
f 1550 2310 1504
f 1552 2308 1506
f 1504 2309 1550
f 1506 2311 1552
f 1507 2308 1553
f 1549 2309 1503
f 1551 2311 1505
f 392 2313 360
f 1503 2313 1549
f 1553 2312 1507
f 359 2312 391
f 1505 2310 1551
f 1543 1516 1508
f 1516 1554 1508
f 1508 358 1543
f 1554 361 1508
f 372 1554 1516
f 1516 1543 373
f 1524 1555 1509
f 1556 1524 1509
f 1509 362 1556
f 1555 363 1509
f 1555 1524 378
f 1524 1556 379
f 1557 364 363
f 1557 363 1555
f 380 1555 378
f 1557 1555 380
f 1532 1558 1510
f 1559 1532 1510
f 1510 365 1559
f 366 1510 1558
f 1558 1532 386
f 1532 1559 387
f 1538 1539 1511
f 1560 1538 1511
f 355 1539 1538
f 1511 367 1560
f 1539 368 1511
f 1538 1560 390
f 354 1541 2314
f 1540 354 2314
f 369 1540 2314
f 1512 369 2314
f 1541 356 2314
f 356 1512 2314
f 1517 312 374
f 372 371 1517
f 372 1517 1561
f 1561 1517 374
f 1562 375 320
f 1521 1562 320
f 376 379 1562
f 376 1562 1521
f 362 1519 1556
f 1556 1519 2315
f 379 1556 2315
f 1519 375 2315
f 1562 379 2315
f 375 1562 2315
f 372 1561 2316
f 1554 372 2316
f 361 1554 2316
f 1520 361 2316
f 1561 374 2316
f 374 1520 2316
f 1525 324 382
f 380 381 1563
f 381 1525 1563
f 1563 1525 382
f 1564 383 332
f 1564 332 1529
f 384 387 1564
f 384 1564 1529
f 1527 1559 365
f 1559 1527 2317
f 387 1559 2317
f 1527 383 2317
f 1564 387 2317
f 383 1564 2317
f 380 1563 2318
f 1557 380 2318
f 364 1557 2318
f 1528 364 2318
f 1563 382 2318
f 382 1528 2318
f 1565 336 388
f 1565 1533 336
f 385 1565 386
f 385 1533 1565
f 1537 389 344
f 347 390 1537
f 1566 389 1537
f 390 1566 1537
f 367 1535 1560
f 1560 1535 2319
f 390 1560 2319
f 1535 389 2319
f 1566 390 2319
f 389 1566 2319
f 386 1565 2320
f 1558 386 2320
f 366 1558 2320
f 1536 366 2320
f 1565 388 2320
f 388 1536 2320
f 1576 1572 1571
f 1567 1573 1568
f 1567 1568 393
f 1567 394 1573
f 1571 1572 395
f 1576 396 1572
f 1574 1569 1568
f 1574 1568 1573
f 1569 1575 1570
f 1574 1575 1569
f 1576 1571 1570
f 1575 1576 1570
f 1580 1584 1567
f 1572 1581 1577
f 1580 1567 393
f 1584 394 1567
f 395 1572 1577
f 1572 396 1581
f 1577 1582 1578
f 1577 1581 1582
f 1583 1579 1578
f 1583 1578 1582
f 1584 1580 1579
f 1583 1584 1579
f 391 1585 1544
f 1596 391 1553
f 1548 1590 392
f 392 1591 1549
f 1544 1586 1545
f 1544 1585 1586
f 1545 1587 1546
f 1586 1587 1545
f 1546 1588 1547
f 1546 1587 1588
f 1547 1589 1548
f 1547 1588 1589
f 1548 1589 1590
f 1549 1592 1550
f 1549 1591 1592
f 1550 1593 1551
f 1550 1592 1593
f 1551 1594 1552
f 1551 1593 1594
f 1552 1595 1553
f 1552 1594 1595
f 1553 1595 1596
f 397 1585 391
f 1596 397 391
f 1590 398 392
f 392 398 1591
f 393 1568 400
f 1571 395 399
f 1600 1571 399
f 400 1568 1597
f 1568 1569 1598
f 1568 1598 1597
f 1599 1569 1570
f 1599 1598 1569
f 1570 1571 1599
f 1599 1571 1600
f 1604 393 400
f 1604 1580 393
f 399 395 1601
f 395 1577 1601
f 1577 1578 1601
f 1603 1578 1579
f 1601 1578 1602
f 1603 1602 1578
f 1580 1603 1579
f 1604 1603 1580
f 401 1585 397
f 1590 402 398
f 401 1605 1585
f 1590 1610 402
f 1586 1585 1606
f 1606 1585 1605
f 1587 1586 1606
f 1587 1608 1588
f 1587 1606 1607
f 1587 1607 1608
f 1608 1589 1588
f 1589 1609 1590
f 1608 1609 1589
f 1609 1610 1590
f 1596 401 397
f 398 402 1611
f 398 1611 1591
f 1596 1616 401
f 1591 1612 1592
f 1611 1612 1591
f 1612 1593 1592
f 1613 1594 1593
f 1612 1613 1593
f 1614 1595 1594
f 1614 1594 1613
f 1615 1596 1595
f 1614 1615 1595
f 1616 1596 1615
f 421 399 1661
f 404 400 1629
f 1641 2326 1597
f 1673 2327 1601
f 1603 2322 431
f 1599 2321 415
f 1601 2327 427
f 1597 2326 411
f 1649 2321 1599
f 1681 2322 1603
f 419 2330 2325
f 435 2329 2328
f 1665 2323 399
f 1633 2324 400
f 413 1598 416
f 429 1602 432
f 2325 2330 422
f 2328 2329 403
f 1659 2323 406
f 1627 2324 405
f 1635 2326 1621
f 1651 2325 1623
f 1683 2328 1626
f 1667 2327 1624
f 1643 2321 1622
f 1675 2322 1625
f 1630 400 407
f 1662 399 423
f 1650 1599 417
f 1682 1603 433
f 1669 1601 1670
f 1637 1597 1638
f 1658 2330 1600
f 1618 2329 1604
f 1635 1621 1636
f 1651 1623 1652
f 1667 1624 1668
f 1683 1626 1684
f 1628 1627 405
f 1659 406 1660
f 1643 1622 1644
f 1675 1625 1676
f 1658 1600 399
f 1618 1604 400
f 405 1620 1628
f 1660 406 1656
f 1638 1597 411
f 1600 2330 419
f 1670 1601 427
f 1604 2329 435
f 1642 1597 1598
f 1646 1598 1599
f 1654 1599 1600
f 1674 1601 1602
f 1678 1602 1603
f 1686 1603 1604
f 1636 1621 1632
f 1644 1622 1640
f 1652 1623 1648
f 1668 1624 1664
f 1676 1625 1672
f 1684 1626 1680
f 1658 399 421
f 399 2323 423
f 1666 399 1601
f 1661 399 1662
f 1665 399 1666
f 1618 400 404
f 400 2324 407
f 1634 400 1597
f 1629 400 1630
f 1633 400 1634
f 403 2329 1617
f 403 1620 1626
f 1626 2328 403
f 1619 404 408
f 408 404 1629
f 410 1632 405
f 405 2324 410
f 1626 1620 405
f 1632 1621 405
f 426 1664 406
f 406 2323 426
f 406 1623 1656
f 1664 1624 406
f 407 2324 1627
f 408 1628 1619
f 412 1631 409
f 412 409 1637
f 1634 1597 409
f 409 1597 1637
f 410 2324 1633
f 411 2326 1635
f 1636 1631 412
f 416 1639 413
f 1642 1598 413
f 1640 1621 414
f 1621 2326 414
f 414 2326 1641
f 1646 1599 415
f 415 2321 1643
f 416 1598 1645
f 1644 1639 416
f 1647 417 420
f 420 417 1653
f 417 1599 1653
f 1648 1622 418
f 1622 2321 418
f 418 2321 1649
f 1654 1600 419
f 419 2325 1651
f 1652 1647 420
f 1655 421 424
f 424 421 1661
f 1656 1623 422
f 1623 2325 422
f 422 2330 1657
f 423 2323 1659
f 1660 1655 424
f 428 1663 425
f 425 1669 428
f 1666 1601 425
f 425 1601 1669
f 426 2323 1665
f 427 2327 1667
f 1668 1663 428
f 432 1671 429
f 1674 1602 429
f 1624 430 1672
f 1624 2327 430
f 430 2327 1673
f 1603 431 1678
f 431 2322 1675
f 432 1602 1677
f 1676 1671 432
f 1679 433 436
f 433 1685 436
f 433 1603 1685
f 1680 1625 434
f 1625 2322 434
f 434 2322 1681
f 1686 1604 435
f 435 2328 1683
f 1684 1679 436
f 1641 1597 1642
f 1645 1598 1646
f 1649 1599 1650
f 1653 1599 1654
f 1673 1601 1674
f 1677 1602 1678
f 1681 1603 1682
f 1685 1603 1686
f 1617 2329 1618
f 1628 1620 1619
f 1640 1622 1621
f 1623 1622 1648
f 1625 1624 1672
f 1626 1625 1680
f 1632 1631 1636
f 1640 1639 1644
f 1648 1647 1652
f 1656 1655 1660
f 1657 2330 1658
f 1664 1663 1668
f 1672 1671 1676
f 1680 1679 1684
f 401 437 1605
f 437 401 1616
f 1610 438 402
f 402 438 1611
f 437 1687 1605
f 1694 437 1616
f 1690 438 1610
f 438 1691 1611
f 1687 1606 1605
f 1688 1607 1606
f 1687 1688 1606
f 1688 1608 1607
f 1689 1609 1608
f 1688 1689 1608
f 1690 1610 1609
f 1689 1690 1609
f 1691 1612 1611
f 1692 1613 1612
f 1691 1692 1612
f 1692 1614 1613
f 1693 1615 1614
f 1692 1693 1614
f 1694 1616 1615
f 1693 1694 1615
f 404 2331 2332
f 2331 439 2332
f 439 403 2332
f 404 440 2331
f 1695 1696 2331
f 1617 1618 2332
f 1618 404 2332
f 440 1695 2331
f 403 1617 2332
f 1696 439 2331
f 2333 404 2334
f 439 2333 2334
f 403 439 2334
f 440 404 2333
f 1619 1620 2334
f 1697 1698 2333
f 439 1697 2333
f 404 1619 2334
f 1620 403 2334
f 1698 440 2333
f 441 405 2338
f 406 442 2337
f 1701 1623 2337
f 1621 1699 2338
f 1699 1621 2335
f 1623 1701 2336
f 1622 1700 2335
f 1700 1622 2336
f 1621 1622 2335
f 1701 1700 2336
f 1623 406 2337
f 405 1621 2338
f 1700 1699 2335
f 1622 1623 2336
f 1699 441 2338
f 442 1701 2337
f 442 406 2341
f 1624 1702 2341
f 405 441 2342
f 1704 1626 2342
f 1702 1624 2339
f 1626 1704 2340
f 1625 1703 2339
f 1703 1625 2340
f 1703 1702 2339
f 1704 1703 2340
f 441 1704 2342
f 1702 442 2341
f 1624 1625 2339
f 1625 1626 2340
f 406 1624 2341
f 1626 405 2342
f 408 2343 2344
f 2343 443 2344
f 443 407 2344
f 408 444 2343
f 1705 1706 2343
f 1627 1628 2344
f 444 1705 2343
f 1706 443 2343
f 407 1627 2344
f 1628 408 2344
f 2345 408 2346
f 443 2345 2346
f 407 443 2346
f 444 408 2345
f 1707 1708 2345
f 1629 1630 2346
f 1708 444 2345
f 443 1707 2345
f 408 1629 2346
f 1630 407 2346
f 2347 409 2348
f 446 2347 2348
f 410 446 2348
f 445 409 2347
f 1631 1632 2348
f 1709 1710 2347
f 409 1631 2348
f 1710 445 2347
f 446 1709 2347
f 1632 410 2348
f 409 2349 2350
f 2349 446 2350
f 446 410 2350
f 409 445 2349
f 1633 1634 2350
f 1711 1712 2349
f 445 1711 2349
f 1634 409 2350
f 1712 446 2349
f 410 1633 2350
f 2351 412 2352
f 447 2351 2352
f 412 448 2352
f 447 411 2351
f 1713 1714 2352
f 1635 1636 2351
f 411 1635 2351
f 1714 447 2352
f 1636 412 2351
f 448 1713 2352
f 412 2353 2354
f 2353 447 2354
f 448 412 2354
f 411 447 2353
f 1715 1716 2354
f 1637 1638 2353
f 447 1715 2354
f 1638 411 2353
f 412 1637 2353
f 1716 448 2354
f 413 2355 2356
f 2355 450 2356
f 449 413 2356
f 414 450 2355
f 1639 1640 2355
f 1717 1718 2356
f 450 1717 2356
f 1718 449 2356
f 1640 414 2355
f 413 1639 2355
f 2357 413 2358
f 450 2357 2358
f 413 449 2358
f 450 414 2357
f 1641 1642 2357
f 1719 1720 2358
f 414 1641 2357
f 449 1719 2358
f 1720 450 2358
f 1642 413 2357
f 416 2359 2360
f 2359 451 2360
f 451 415 2360
f 416 452 2359
f 1721 1722 2359
f 1643 1644 2360
f 452 1721 2359
f 1644 416 2360
f 1722 451 2359
f 415 1643 2360
f 2361 416 2362
f 451 2361 2362
f 415 451 2362
f 452 416 2361
f 1723 1724 2361
f 1645 1646 2362
f 1724 452 2361
f 1646 415 2362
f 451 1723 2361
f 416 1645 2362
f 2363 417 2364
f 454 2363 2364
f 418 454 2364
f 453 417 2363
f 1725 1726 2363
f 1647 1648 2364
f 1726 453 2363
f 417 1647 2364
f 454 1725 2363
f 1648 418 2364
f 417 2365 2366
f 2365 454 2366
f 454 418 2366
f 417 453 2365
f 1727 1728 2365
f 1649 1650 2366
f 453 1727 2365
f 1650 417 2366
f 1728 454 2365
f 418 1649 2366
f 2367 420 2368
f 455 2367 2368
f 420 456 2368
f 455 419 2367
f 1729 1730 2368
f 1651 1652 2367
f 419 1651 2367
f 1730 455 2368
f 1652 420 2367
f 456 1729 2368
f 420 2369 2370
f 2369 455 2370
f 456 420 2370
f 419 455 2369
f 1653 1654 2369
f 1731 1732 2370
f 455 1731 2370
f 1654 419 2369
f 1732 456 2370
f 420 1653 2369
f 458 2371 2372
f 2371 421 2372
f 457 421 2371
f 422 458 2372
f 1655 1656 2372
f 1733 1734 2371
f 421 1655 2372
f 1656 422 2372
f 1734 457 2371
f 458 1733 2371
f 2373 458 2374
f 421 2373 2374
f 458 422 2374
f 421 457 2373
f 1735 1736 2373
f 1657 1658 2374
f 457 1735 2373
f 1736 458 2373
f 1658 421 2374
f 422 1657 2374
f 424 2375 2376
f 2375 459 2376
f 459 423 2376
f 424 460 2375
f 1737 1738 2375
f 1659 1660 2376
f 460 1737 2375
f 1738 459 2375
f 423 1659 2376
f 1660 424 2376
f 2377 424 2378
f 459 2377 2378
f 423 459 2378
f 460 424 2377
f 1739 1740 2377
f 1661 1662 2378
f 1740 460 2377
f 1662 423 2378
f 459 1739 2377
f 424 1661 2378
f 2379 425 2380
f 462 2379 2380
f 426 462 2380
f 461 425 2379
f 1663 1664 2380
f 1741 1742 2379
f 462 1741 2379
f 425 1663 2380
f 1664 426 2380
f 1742 461 2379
f 425 2381 2382
f 2381 462 2382
f 462 426 2382
f 425 461 2381
f 1743 1744 2381
f 1665 1666 2382
f 461 1743 2381
f 1666 425 2382
f 1744 462 2381
f 426 1665 2382
f 2383 428 2384
f 463 2383 2384
f 428 464 2384
f 463 427 2383
f 1745 1746 2384
f 1667 1668 2383
f 427 1667 2383
f 1746 463 2384
f 1668 428 2383
f 464 1745 2384
f 428 2385 2386
f 2385 463 2386
f 464 428 2386
f 427 463 2385
f 1669 1670 2385
f 1747 1748 2386
f 463 1747 2386
f 1670 427 2385
f 428 1669 2385
f 1748 464 2386
f 466 2387 2388
f 2387 429 2388
f 430 466 2388
f 465 429 2387
f 1671 1672 2388
f 1749 1750 2387
f 429 1671 2388
f 1750 465 2387
f 1672 430 2388
f 466 1749 2387
f 2389 466 2390
f 429 2389 2390
f 466 430 2390
f 429 465 2389
f 1751 1752 2389
f 1673 1674 2390
f 465 1751 2389
f 1752 466 2389
f 1674 429 2390
f 430 1673 2390
f 432 2391 2392
f 2391 467 2392
f 467 431 2392
f 432 468 2391
f 1753 1754 2391
f 1675 1676 2392
f 468 1753 2391
f 1676 432 2392
f 1754 467 2391
f 431 1675 2392
f 2393 432 2394
f 467 2393 2394
f 431 467 2394
f 468 432 2393
f 1755 1756 2393
f 1677 1678 2394
f 1756 468 2393
f 1678 431 2394
f 467 1755 2393
f 432 1677 2394
f 2395 433 2396
f 470 2395 2396
f 434 470 2396
f 469 433 2395
f 1679 1680 2396
f 1757 1758 2395
f 433 1679 2396
f 1758 469 2395
f 470 1757 2395
f 1680 434 2396
f 433 2397 2398
f 2397 470 2398
f 470 434 2398
f 433 469 2397
f 1759 1760 2397
f 1681 1682 2398
f 469 1759 2397
f 1682 433 2398
f 1760 470 2397
f 434 1681 2398
f 2399 436 2400
f 471 2399 2400
f 436 472 2400
f 471 435 2399
f 1761 1762 2400
f 1683 1684 2399
f 1762 471 2400
f 435 1683 2399
f 472 1761 2400
f 1684 436 2399
f 436 2401 2402
f 2401 471 2402
f 472 436 2402
f 435 471 2401
f 1763 1764 2402
f 1685 1686 2401
f 471 1763 2402
f 1686 435 2401
f 436 1685 2401
f 1764 472 2402
f 1770 1766 1694
f 1765 1767 1691
f 1694 1766 437
f 438 1765 1691
f 1765 473 1767
f 1770 474 1766
f 1768 1692 1691
f 1768 1691 1767
f 1692 1769 1693
f 1768 1769 1692
f 1694 1693 1769
f 1770 1694 1769
f 1690 1774 1765
f 1766 1771 1687
f 437 1766 1687
f 1690 1765 438
f 1774 473 1765
f 474 1771 1766
f 1688 1687 1771
f 1689 1688 1772
f 1772 1688 1771
f 1689 1773 1690
f 1773 1689 1772
f 1773 1774 1690
f 1696 1695 475
f 475 439 1696
f 1695 440 475
f 475 1698 1697
f 440 1698 475
f 1697 439 475
f 1775 1699 1700
f 1776 1700 1701
f 1777 1702 1703
f 1778 1703 1704
f 476 441 1699
f 1704 441 476
f 477 1701 442
f 477 442 1702
f 476 1699 1775
f 1778 1704 476
f 1776 1701 477
f 477 1702 1777
f 1775 1700 1776
f 1777 1703 1778
f 1706 1705 478
f 443 1706 478
f 1705 444 478
f 1708 1707 478
f 444 1708 478
f 1707 443 478
f 1710 1709 479
f 445 1710 479
f 1709 446 479
f 479 1712 1711
f 479 446 1712
f 1711 445 479
f 1713 480 1714
f 447 1714 480
f 1713 448 480
f 1715 447 480
f 480 448 1716
f 1715 480 1716
f 481 1718 1717
f 449 1718 481
f 1717 450 481
f 481 1720 1719
f 481 450 1720
f 1719 449 481
f 1722 1721 482
f 451 1722 482
f 1721 452 482
f 1723 482 1724
f 452 1724 482
f 1723 451 482
f 483 1726 1725
f 483 453 1726
f 1725 454 483
f 1728 1727 483
f 483 454 1728
f 1727 453 483
f 1730 1729 484
f 455 1730 484
f 1729 456 484
f 1731 455 484
f 456 1732 484
f 1731 484 1732
f 1734 1733 485
f 457 1734 485
f 1733 458 485
f 485 1736 1735
f 458 1736 485
f 1735 457 485
f 1738 1737 486
f 459 1738 486
f 1737 460 486
f 1740 1739 486
f 486 460 1740
f 1739 459 486
f 1742 1741 487
f 461 1742 487
f 1741 462 487
f 1744 1743 487
f 487 462 1744
f 1743 461 487
f 1745 488 1746
f 463 1746 488
f 1745 464 488
f 1747 463 488
f 488 464 1748
f 1747 488 1748
f 489 1750 1749
f 465 1750 489
f 1749 466 489
f 489 1752 1751
f 466 1752 489
f 1751 465 489
f 1754 1753 490
f 490 467 1754
f 1753 468 490
f 1755 490 1756
f 490 468 1756
f 1755 467 490
f 1758 1757 491
f 491 469 1758
f 1757 470 491
f 1760 1759 491
f 470 1760 491
f 1759 469 491
f 1761 492 1762
f 471 1762 492
f 1761 472 492
f 1763 471 492
f 492 472 1764
f 1763 492 1764
f 1781 1780 2403
f 477 1782 2406
f 1779 476 2408
f 1776 477 2406
f 493 1779 2407
f 1782 494 2405
f 476 1775 2408
f 1780 493 2407
f 494 1781 2405
f 2404 2403 2408
f 2403 2404 2406
f 2403 2407 2408
f 1775 1776 2404
f 2405 2403 2406
f 1781 2403 2405
f 2403 1780 2407
f 2404 1776 2406
f 1775 2404 2408
f 2407 1779 2408
f 1782 2405 2406
f 1784 1783 2409
f 476 1779 2412
f 1782 477 2414
f 1778 476 2412
f 1779 493 2411
f 494 1782 2413
f 477 1777 2414
f 1783 494 2413
f 493 1784 2411
f 2410 2409 2414
f 2409 2410 2412
f 2409 2413 2414
f 1777 1778 2410
f 2411 2409 2412
f 2409 1783 2413
f 1784 2409 2411
f 2410 1778 2412
f 1777 2410 2414
f 2413 1782 2414
f 1779 2411 2412
f 1780 1786 1785
f 1781 1787 1786
f 1789 1788 1783
f 1784 1790 1789
f 493 1785 495
f 1790 493 495
f 493 1780 1785
f 1790 1784 493
f 1787 494 496
f 494 1788 496
f 1781 494 1787
f 1788 494 1783
f 1780 1781 1786
f 1784 1789 1783
f 1792 498 497
f 1792 497 1794
f 499 1791 500
f 500 1791 1793
f 1791 1792 1794
f 1793 1791 1794
f 497 498 1797
f 498 1795 1797
f 1796 499 500
f 1796 500 1798
f 1795 1796 1798
f 1797 1795 1798
f 1800 1799 2415
f 1790 495 2417
f 1799 501 2418
f 1789 1790 2416
f 1801 1800 2416
f 1788 1789 2415
f 496 1788 2418
f 502 1801 2417
f 1800 1789 2416
f 1799 1788 2415
f 1789 1800 2415
f 1801 1790 2417
f 495 502 2417
f 501 496 2418
f 1788 1799 2418
f 1790 1801 2416
f 1785 1786 2419
f 501 1804 2421
f 1802 502 2422
f 1786 1787 2420
f 1804 1803 2420
f 1803 1802 2419
f 495 1785 2422
f 1787 496 2421
f 1803 1786 2420
f 1802 1785 2419
f 1786 1803 2419
f 496 501 2421
f 1804 1787 2421
f 1785 1802 2422
f 502 495 2422
f 1787 1804 2420
f 1808 504 503
f 1806 504 1808
f 505 1807 506
f 505 1805 1807
f 1805 1806 1808
f 1805 1808 1807
f 504 1809 503
f 503 1809 1811
f 1810 505 506
f 1812 1810 506
f 1809 1810 1812
f 1811 1809 1812
f 1814 508 507
f 1814 507 1816
f 509 1815 510
f 509 1813 1815
f 1813 1814 1815
f 1815 1814 1816
f 508 1819 507
f 508 1817 1819
f 1820 509 510
f 1818 509 1820
f 1817 1818 1820
f 1819 1817 1820
f 1824 512 511
f 1824 1822 512
f 513 1823 514
f 513 1821 1823
f 1821 1822 1824
f 1823 1821 1824
f 511 512 1827
f 512 1825 1827
f 1826 513 514
f 1826 514 1828
f 1825 1826 1827
f 1827 1826 1828
f 1830 516 515
f 1830 515 1832
f 517 1829 518
f 518 1829 1831
f 1829 1830 1832
f 1829 1832 1831
f 515 516 1835
f 516 1833 1835
f 1834 517 518
f 1834 518 1836
f 1835 1833 1834
f 1835 1834 1836
f 1840 520 519
f 1838 520 1840
f 521 1837 522
f 522 1837 1839
f 1837 1838 1840
f 1839 1837 1840
f 520 1841 519
f 519 1841 1843
f 1844 521 522
f 1844 1842 521
f 1841 1842 1844
f 1843 1841 1844
f 1846 524 523
f 1848 1846 523
f 525 1845 526
f 526 1845 1847
f 1845 1846 1847
f 1847 1846 1848
f 523 524 1851
f 524 1849 1851
f 1850 525 526
f 1850 526 1852
f 1849 1850 1852
f 1851 1849 1852
f 1856 528 527
f 1854 528 1856
f 530 529 1853
f 530 1853 1855
f 1853 1854 1856
f 1855 1853 1856
f 527 528 1857
f 527 1857 1859
f 1858 529 530
f 1858 530 1860
f 1857 1858 1860
f 1859 1857 1860
f 1862 532 531
f 1862 531 1864
f 534 533 1861
f 534 1861 1863
f 1863 1861 1862
f 1863 1862 1864
f 531 532 1867
f 532 1865 1867
f 1868 533 534
f 1868 1866 533
f 1865 1866 1867
f 1867 1866 1868
f 1872 536 535
f 1872 1870 536
f 538 537 1871
f 537 1869 1871
f 1869 1870 1872
f 1871 1869 1872
f 536 1875 535
f 536 1873 1875
f 1874 537 538
f 1876 1874 538
f 1873 1874 1875
f 1875 1874 1876
f 1878 540 539
f 1878 539 1880
f 541 1877 542
f 542 1877 1879
f 1877 1878 1880
f 1877 1880 1879
f 539 540 1881
f 539 1881 1883
f 1882 541 542
f 1882 542 1884
f 1881 1882 1883
f 1883 1882 1884
f 1888 544 543
f 1886 544 1888
f 545 1887 546
f 545 1885 1887
f 1885 1886 1888
f 1885 1888 1887
f 544 1891 543
f 544 1889 1891
f 1890 545 546
f 1892 1890 546
f 1889 1890 1892
f 1891 1889 1892
f 1894 548 547
f 1896 1894 547
f 549 1895 550
f 549 1893 1895
f 1893 1894 1895
f 1895 1894 1896
f 548 1897 547
f 547 1897 1899
f 1898 549 550
f 1898 550 1900
f 1899 1897 1898
f 1899 1898 1900
f 1902 552 551
f 1902 551 1904
f 554 553 1903
f 553 1901 1903
f 1903 1901 1902
f 1903 1902 1904
f 552 1907 551
f 552 1905 1907
f 1908 553 554
f 1908 1906 553
f 1905 1906 1908
f 1907 1905 1908
f 1912 556 555
f 1910 556 1912
f 557 1909 558
f 558 1909 1911
f 1909 1910 1912
f 1911 1909 1912
f 555 556 1915
f 556 1913 1915
f 1914 557 558
f 1914 558 1916
f 1915 1913 1914
f 1915 1914 1916
f 1920 560 559
f 1920 1918 560
f 561 1919 562
f 561 1917 1919
f 1917 1918 1920
f 1917 1920 1919
f 560 1923 559
f 560 1921 1923
f 1922 561 562
f 1924 1922 562
f 1923 1921 1922
f 1923 1922 1924
f 1791 499 563
f 498 1792 563
f 563 1792 1791
f 1795 498 563
f 499 1796 563
f 563 1796 1795
f 504 1806 564
f 1805 505 564
f 1806 1805 564
f 505 1810 564
f 1809 504 564
f 1810 1809 564
f 1813 565 1814
f 565 508 1814
f 1813 509 565
f 1817 565 1818
f 565 509 1818
f 1817 508 565
f 1821 513 566
f 512 1822 566
f 1821 566 1822
f 1825 512 566
f 513 1826 566
f 1826 1825 566
f 1829 517 567
f 567 516 1830
f 567 1830 1829
f 567 517 1834
f 1833 516 567
f 567 1834 1833
f 520 1838 568
f 1837 521 568
f 1837 568 1838
f 521 1842 568
f 1841 520 568
f 1842 1841 568
f 1846 1845 569
f 569 524 1846
f 1845 525 569
f 1850 1849 569
f 569 525 1850
f 1849 524 569
f 1853 529 570
f 528 1854 570
f 1854 1853 570
f 1857 528 570
f 529 1858 570
f 1857 570 1858
f 1861 533 571
f 532 1862 571
f 571 1862 1861
f 1865 532 571
f 571 533 1866
f 1866 1865 571
f 1869 537 572
f 572 536 1870
f 1869 572 1870
f 537 1874 572
f 1873 536 572
f 1874 1873 572
f 1877 573 1878
f 573 540 1878
f 1877 541 573
f 1882 1881 573
f 573 541 1882
f 1881 540 573
f 1885 545 574
f 544 1886 574
f 1885 574 1886
f 1889 544 574
f 545 1890 574
f 1890 1889 574
f 575 548 1894
f 1893 549 575
f 575 1894 1893
f 549 1898 575
f 1897 548 575
f 575 1898 1897
f 552 1902 576
f 1901 553 576
f 1901 576 1902
f 553 1906 576
f 1905 552 576
f 1906 1905 576
f 1910 1909 577
f 577 556 1910
f 1909 557 577
f 1914 1913 577
f 557 1914 577
f 1913 556 577
f 578 560 1918
f 1917 561 578
f 1918 1917 578
f 1921 560 578
f 561 1922 578
f 1922 1921 578
f 1925 1926 579
f 581 1925 579
f 1926 580 579
f 579 1927 1928
f 1928 581 579
f 579 580 1927
f 292 580 1438
f 1439 581 284
f 1439 284 1440
f 1440 284 283
f 580 1926 1439
f 1438 580 1439
f 1439 1925 581
f 1926 1925 1439
f 1393 1435 1436
f 1393 1394 292
f 1435 1393 292
f 1394 284 292
f 1393 1437 256
f 284 581 292
f 1927 580 292
f 581 1928 292
f 1928 1927 292
f 1437 1393 1436
f 582 584 1929
f 1930 583 582
f 582 1929 1930
f 583 1931 582
f 1932 584 582
f 582 1931 1932
f 293 583 1444
f 1445 584 281
f 1446 281 280
f 1445 281 1446
f 583 1930 1445
f 1444 583 1445
f 1445 1929 584
f 1930 1929 1445
f 583 2423 1931
f 1441 1442 2424
f 2423 584 1932
f 1932 1931 2423
f 2424 1442 1443
f 2424 293 1441
f 2424 282 1389
f 2424 1443 282
f 2424 1389 293
f 2423 1390 281
f 1390 2423 1389
f 2423 583 293
f 2423 293 1389
f 584 2423 281
f 1933 1934 585
f 585 587 1933
f 1934 586 585
f 1935 1936 585
f 1936 587 585
f 586 1935 585
f 255 586 1337
f 1338 587 264
f 1338 264 1339
f 1339 264 230
f 586 1934 1338
f 1337 586 1338
f 1338 1933 587
f 1934 1933 1338
f 1371 1334 1335
f 1371 1372 255
f 1334 1371 255
f 1372 264 255
f 1371 1336 254
f 587 255 264
f 1935 586 255
f 587 1936 255
f 1936 1935 255
f 1336 1371 1335
f 1938 589 588
f 588 590 1937
f 1937 1938 588
f 588 589 1939
f 1940 590 588
f 1940 588 1939
f 232 589 1281
f 1282 590 263
f 1282 263 1283
f 1283 263 233
f 589 1938 1282
f 1281 589 1282
f 1282 1937 590
f 1938 1937 1282
f 1369 1278 1279
f 1369 1370 232
f 1278 1369 232
f 1370 263 232
f 1369 1280 231
f 590 232 263
f 1939 589 232
f 590 1940 232
f 1940 1939 232
f 1280 1369 1279
f 593 1941 591
f 1942 592 591
f 1941 1942 591
f 591 592 1943
f 1944 593 591
f 591 1943 1944
f 290 592 1426
f 1427 593 269
f 1428 269 268
f 1427 269 1428
f 592 1942 1427
f 1426 592 1427
f 1427 1941 593
f 1942 1941 1427
f 592 2425 1943
f 1423 1424 2426
f 2425 593 1944
f 1944 1943 2425
f 2426 1424 1425
f 2426 290 1423
f 2426 270 1377
f 2426 1425 270
f 2426 1377 290
f 2425 1378 269
f 1378 2425 1377
f 2425 592 290
f 2425 290 1377
f 593 2425 269
f 594 596 1945
f 1946 595 594
f 1945 1946 594
f 594 595 1947
f 1948 596 594
f 1947 1948 594
f 235 595 1288
f 1289 596 262
f 1290 262 236
f 1289 262 1290
f 595 1946 1289
f 1288 595 1289
f 1289 1945 596
f 1946 1945 1289
f 595 2427 1947
f 1285 1286 2428
f 2427 596 1948
f 1948 1947 2427
f 2428 1286 1287
f 2428 235 1285
f 2428 234 1367
f 2428 1287 234
f 2428 1367 235
f 2427 1368 262
f 1368 2427 1367
f 2427 595 235
f 2427 235 1367
f 596 2427 262
f 1949 1950 597
f 599 1949 597
f 1950 598 597
f 597 1951 1952
f 1952 599 597
f 597 598 1951
f 241 598 1302
f 1303 599 260
f 1304 260 242
f 1303 260 1304
f 598 1950 1303
f 1302 598 1303
f 1303 1949 599
f 1950 1949 1303
f 1363 1299 1300
f 1363 1364 241
f 1363 241 1299
f 1364 260 241
f 1363 1301 240
f 260 599 241
f 1951 598 241
f 599 1952 241
f 1952 1951 241
f 1301 1363 1300
f 1953 1954 600
f 1954 601 600
f 602 1953 600
f 601 1955 600
f 1956 602 600
f 1955 1956 600
f 238 601 1295
f 1296 602 261
f 1297 261 239
f 1296 261 1297
f 601 1954 1296
f 1295 601 1296
f 1296 1953 602
f 1954 1953 1296
f 601 2429 1955
f 1292 1293 2430
f 2429 602 1956
f 1956 1955 2429
f 2430 1293 1294
f 2430 238 1292
f 2430 237 1365
f 2430 1294 237
f 2430 1365 238
f 2429 1366 261
f 1366 2429 1365
f 2429 601 238
f 2429 238 1365
f 602 2429 261
f 605 1957 603
f 1958 604 603
f 1958 603 1957
f 1960 605 603
f 603 604 1959
f 1959 1960 603
f 244 604 1309
f 1310 605 259
f 1311 259 245
f 1310 259 1311
f 604 1958 1310
f 1309 604 1310
f 1310 1957 605
f 1958 1957 1310
f 604 2431 1959
f 1306 1307 2432
f 2431 605 1960
f 1960 1959 2431
f 2432 1307 1308
f 2432 244 1306
f 2432 243 1361
f 2432 1308 243
f 2432 1361 244
f 2431 1362 259
f 1362 2431 1361
f 2431 604 244
f 2431 244 1361
f 605 2431 259
f 606 1961 1962
f 1962 607 606
f 608 1961 606
f 607 1963 606
f 1964 608 606
f 1963 1964 606
f 287 607 1408
f 1409 608 278
f 1410 278 277
f 1409 278 1410
f 607 1962 1409
f 1408 607 1409
f 1409 1961 608
f 1962 1961 1409
f 607 2433 1963
f 1405 1406 2434
f 2433 608 1964
f 1964 1963 2433
f 2434 1406 1407
f 2434 287 1405
f 2434 279 1386
f 2434 1386 287
f 2434 1407 279
f 2433 1387 278
f 1387 2433 1386
f 2433 607 287
f 2433 287 1386
f 608 2433 278
f 609 611 1965
f 1966 610 609
f 1965 1966 609
f 609 610 1967
f 1968 611 609
f 609 1967 1968
f 247 610 1316
f 1317 611 258
f 1318 258 248
f 1317 258 1318
f 610 1966 1317
f 1316 610 1317
f 1317 1965 611
f 1966 1965 1317
f 610 2435 1967
f 1313 1314 2436
f 2435 611 1968
f 1968 1967 2435
f 2436 1314 1315
f 2436 247 1313
f 2436 246 1359
f 2436 1315 246
f 2436 1359 247
f 2435 1360 258
f 1360 2435 1359
f 2435 610 247
f 2435 247 1359
f 611 2435 258
f 1970 613 612
f 614 1969 612
f 1969 1970 612
f 1972 614 612
f 612 613 1971
f 1971 1972 612
f 289 613 1420
f 1421 614 272
f 1422 272 271
f 1421 272 1422
f 613 1970 1421
f 1420 613 1421
f 1421 1969 614
f 1970 1969 1421
f 1380 1417 1418
f 1380 1381 289
f 1380 289 1417
f 1381 272 289
f 272 614 289
f 1380 1419 273
f 1971 613 289
f 614 1972 289
f 1972 1971 289
f 1419 1380 1418
f 1973 1974 615
f 1974 616 615
f 617 1973 615
f 615 616 1975
f 1976 617 615
f 615 1975 1976
f 250 616 1323
f 1324 617 257
f 1325 257 251
f 1324 257 1325
f 616 1974 1324
f 1323 616 1324
f 1324 1973 617
f 1974 1973 1324
f 616 2437 1975
f 1320 1321 2438
f 2437 617 1976
f 1976 1975 2437
f 2438 1321 1322
f 2438 250 1320
f 2438 249 1357
f 2438 1322 249
f 2438 1357 250
f 2437 1358 257
f 1358 2437 1357
f 2437 616 250
f 2437 250 1357
f 617 2437 257
f 618 1977 1978
f 1978 619 618
f 620 1977 618
f 619 1979 618
f 1980 620 618
f 618 1979 1980
f 291 619 1432
f 1433 620 266
f 1434 266 265
f 1433 266 1434
f 619 1978 1433
f 1432 619 1433
f 1433 1977 620
f 1978 1977 1433
f 619 2439 1979
f 1429 1430 2440
f 2439 620 1980
f 1980 1979 2439
f 2440 1430 1431
f 2440 291 1429
f 2440 267 1374
f 2440 1431 267
f 2440 1374 291
f 2439 1375 266
f 1375 2439 1374
f 2439 619 291
f 2439 291 1374
f 620 2439 266
f 621 1981 1982
f 621 623 1981
f 1982 622 621
f 1983 1984 621
f 1984 623 621
f 621 622 1983
f 288 622 1414
f 1415 623 275
f 1416 275 274
f 1415 275 1416
f 622 1982 1415
f 1414 622 1415
f 1415 1981 623
f 1982 1981 1415
f 1383 1411 1412
f 1383 1384 288
f 1383 288 1411
f 1384 275 288
f 275 623 288
f 1383 1413 276
f 1983 622 288
f 623 1984 288
f 1984 1983 288
f 1413 1383 1412
f 624 1488 1574
f 1493 1582 630
f 626 1490 1576
f 1495 1584 632
f 1491 1581 1993
f 1480 1486 1573
f 1991 1489 1992
f 1494 2004 2003
f 1483 353 1482
f 1995 352 1996
f 1987 1487 1988
f 1999 1492 2000
f 1985 1574 1986
f 1997 1582 1998
f 629 396 1995
f 394 1483 349
f 2000 1492 630
f 1988 1487 624
f 632 2004 1494
f 1992 1489 626
f 1482 353 350
f 1996 352 628
f 394 349 1479
f 1994 396 629
f 350 353 1486
f 628 352 1491
f 1573 394 1479
f 1994 1581 396
f 1487 1488 624
f 625 1574 1573
f 1986 1574 625
f 626 1489 1490
f 630 1492 1493
f 631 1582 1581
f 1998 1582 631
f 632 1494 1495
f 1573 1486 1487
f 1573 1487 1987
f 1575 1488 1489
f 1575 1489 1991
f 1492 1581 1491
f 1999 1581 1492
f 1583 1493 1494
f 2003 1583 1494
f 1576 1575 1990
f 1584 1583 2002
f 350 1486 1480
f 1490 352 1995
f 1495 353 1483
f 394 1495 1483
f 394 1584 1495
f 1576 1490 396
f 396 1490 1995
f 624 1574 1985
f 625 1573 1987
f 626 1576 1989
f 1990 1575 627
f 627 1575 1991
f 628 1491 1993
f 630 1582 1997
f 631 1581 1999
f 632 1584 2001
f 2002 1583 633
f 633 1583 2003
f 1479 1480 1573
f 1574 1488 1575
f 1583 1582 1493
f 1989 1576 1990
f 1993 1581 1994
f 2001 1584 2002
f 384 2008 1531
f 385 1531 2005
f 635 2005 1531
f 2008 333 634
f 2008 1530 333
f 335 1534 2005
f 384 1530 2008
f 385 2005 1534
f 635 1531 2006
f 2006 1531 636
f 636 1531 2007
f 2007 1531 637
f 637 1531 2008
f 323 2010 639
f 1526 2010 323
f 381 377 2009
f 381 2009 1526
f 1526 2009 638
f 1526 638 2010
f 2009 641 2012
f 377 1523 640
f 2009 640 2013
f 2009 377 640
f 2011 1522 321
f 376 1522 2011
f 376 2011 1523
f 2009 2012 638
f 1523 2011 640
f 2009 2013 641
f 370 2017 1515
f 371 1515 2014
f 643 2014 1515
f 2017 309 642
f 2017 1514 309
f 311 1518 2014
f 370 1514 2017
f 371 2014 1518
f 643 1515 2015
f 2015 1515 644
f 644 1515 2016
f 2016 1515 645
f 645 1515 2017
f 1474 1272 1481
f 2020 2011 1340
f 2014 2021 1343
f 2005 2024 1275
f 2018 229 322
f 1485 228 299
f 2025 648 1275
f 647 1343 2022
f 2019 646 229
f 1484 351 228
f 299 228 1344
f 351 1272 228
f 322 229 1276
f 646 1340 229
f 299 1344 307
f 647 307 1343
f 307 1344 1343
f 310 1341 315
f 310 1342 1341
f 315 1341 1340
f 1276 327 322
f 648 327 1275
f 327 1276 1275
f 1273 339 334
f 334 1274 1273
f 339 1273 1272
f 1485 1484 228
f 2018 2019 229
f 1485 297 298
f 297 1485 299
f 309 307 2023
f 307 647 2023
f 642 309 2023
f 310 311 1342
f 311 2014 1342
f 1340 321 315
f 2011 321 1340
f 323 2018 322
f 639 2018 323
f 327 2026 333
f 2026 327 648
f 2026 634 333
f 334 335 1274
f 335 2005 1274
f 339 1272 345
f 1272 1474 345
f 1474 1481 346
f 1272 351 1481
f 2024 2005 635
f 2011 2020 640
f 2014 643 2021
f 646 2020 1340
f 2005 1275 1274
f 2024 2025 1275
f 2014 1343 1342
f 1343 2021 2022
f 633 645 2441
f 647 632 2441
f 2001 2002 2441
f 632 2001 2441
f 2002 633 2441
f 2017 642 2441
f 642 2023 2441
f 645 2017 2441
f 2023 647 2441
f 2016 645 2442
f 645 633 2442
f 632 647 2442
f 2003 2004 2442
f 2004 632 2442
f 633 2003 2442
f 643 2015 2442
f 2021 643 2442
f 2015 644 2442
f 644 2016 2442
f 647 2022 2442
f 2022 2021 2442
f 625 651 2443
f 649 624 2443
f 1985 1986 2443
f 624 1985 2443
f 1986 625 2443
f 2027 649 2443
f 650 2027 2443
f 2028 650 2443
f 651 2028 2443
f 2029 651 2444
f 651 625 2444
f 624 649 2444
f 1987 1988 2444
f 1988 624 2444
f 625 1987 2444
f 649 2031 2444
f 652 2029 2444
f 2030 652 2444
f 653 2030 2444
f 2032 653 2444
f 2031 2032 2444
f 649 2445 2031
f 650 2445 2027
f 2032 2446 653
f 2445 2446 2031
f 2027 2445 649
f 653 2446 654
f 2031 2446 2032
f 654 2445 650
f 654 2446 2445
f 2028 2029 650
f 654 650 652
f 650 2029 652
f 2029 2028 651
f 653 654 2030
f 2030 654 652
f 631 657 2447
f 655 630 2447
f 1997 1998 2447
f 630 1997 2447
f 1998 631 2447
f 2033 655 2447
f 656 2033 2447
f 2034 656 2447
f 657 2034 2447
f 2035 657 2448
f 657 631 2448
f 630 655 2448
f 1999 2000 2448
f 2000 630 2448
f 631 1999 2448
f 655 2037 2448
f 658 2035 2448
f 2036 658 2448
f 659 2036 2448
f 2038 659 2448
f 2037 2038 2448
f 655 2449 2037
f 656 2449 2033
f 2038 2450 659
f 2449 2450 2037
f 2033 2449 655
f 659 2450 660
f 2037 2450 2038
f 660 2449 656
f 660 2450 2449
f 2034 2035 656
f 660 656 658
f 656 2035 658
f 2035 2034 657
f 659 660 2036
f 2036 660 658
f 627 637 2451
f 648 626 2451
f 1989 1990 2451
f 626 1989 2451
f 1990 627 2451
f 2008 634 2451
f 634 2026 2451
f 637 2008 2451
f 2026 648 2451
f 2007 637 2452
f 637 627 2452
f 626 648 2452
f 1991 1992 2452
f 1992 626 2452
f 627 1991 2452
f 635 2006 2452
f 2024 635 2452
f 2006 636 2452
f 636 2007 2452
f 648 2025 2452
f 2025 2024 2452
f 629 641 2453
f 646 628 2453
f 1993 1994 2453
f 628 1993 2453
f 1994 629 2453
f 2013 640 2453
f 640 2020 2453
f 641 2013 2453
f 2020 646 2453
f 2012 641 2454
f 641 629 2454
f 628 646 2454
f 1995 1996 2454
f 1996 628 2454
f 629 1995 2454
f 2010 638 2454
f 638 2012 2454
f 639 2010 2454
f 2018 639 2454
f 646 2019 2454
f 2019 2018 2454
f 2458 2459 2456
f 1770 2459 474
f 661 2458 2044
f 2460 2461 2455
f 473 2460 1767
f 2041 2461 662
f 2044 2458 2456
f 2456 2459 1770
f 2455 2461 2041
f 1767 2460 2455
f 2042 2455 2041
f 2044 2456 2043
f 1768 2457 1769
f 2455 2457 1768
f 2042 2457 2455
f 2456 2457 2043
f 1769 2457 2456
f 1767 2455 1768
f 1769 2456 1770
f 2043 2457 2042
f 662 2461 2040
f 2040 2460 473
f 474 2459 2039
f 2039 2458 661
f 2039 2459 2458
f 2040 2461 2460
f 2465 2466 2463
f 2462 2468 2467
f 2045 2467 661
f 662 2465 2048
f 1774 2466 473
f 474 2468 1771
f 2462 2467 2045
f 2048 2465 2463
f 2463 2466 1774
f 1771 2468 2462
f 2046 2462 2045
f 2048 2463 2047
f 1772 2464 1773
f 2462 2464 1772
f 2046 2464 2462
f 1773 2464 2463
f 2463 2464 2047
f 1771 2462 1772
f 1773 2463 1774
f 2047 2464 2046
f 2039 2468 474
f 661 2467 2039
f 2040 2465 662
f 473 2466 2040
f 2040 2466 2465
f 2467 2468 2039
f 530 1864 2477
f 562 1794 2478
f 2051 1887 2480
f 2055 1823 2479
f 530 664 1864
f 1794 562 663
f 1800 2469 2489
f 1803 2471 2490
f 502 2473 2488
f 501 2474 2487
f 1904 550 2049
f 1840 518 2053
f 1899 1799 2475
f 1835 1802 2476
f 1867 1801 2477
f 1797 1804 2478
f 2053 1848 2473
f 2049 1912 2474
f 542 2051 2480
f 510 2055 2479
f 514 2054 2476
f 546 2050 2475
f 2054 1832 2476
f 2050 1896 2475
f 507 2471 2472
f 539 2469 2470
f 500 2056 2486
f 534 2052 2485
f 503 1804 2486
f 535 1801 2485
f 664 1855 1856
f 1919 1920 663
f 1803 2479 2491
f 1800 2480 2492
f 664 1856 2484
f 663 1920 2482
f 559 1923 501
f 527 1859 502
f 1811 1804 503
f 519 1843 1802
f 1875 1801 535
f 1907 1799 551
f 2481 663 2482
f 2483 664 2484
f 527 502 2484
f 559 501 2482
f 502 2483 2484
f 501 2481 2482
f 522 1839 2053
f 1903 2049 554
f 1816 2055 1815
f 1879 1880 2051
f 2055 1816 2472
f 2051 1880 2470
f 1827 1803 2491
f 1891 1800 2492
f 1851 1852 2488
f 1915 1916 2487
f 1883 1884 2489
f 1819 1820 2490
f 506 2055 2472
f 526 664 2483
f 664 530 1855
f 538 2051 2470
f 558 663 2481
f 1807 2056 2055
f 2056 1808 2486
f 1823 2055 2054
f 1831 2054 2053
f 1839 1840 2053
f 1871 2052 2051
f 2052 1872 2485
f 1887 2051 2050
f 2049 1895 2050
f 1903 1904 2049
f 1794 497 2478
f 497 1797 2478
f 500 1793 2056
f 1798 500 2486
f 501 1799 2474
f 1804 501 2478
f 501 1923 2478
f 2481 501 2487
f 1801 502 2477
f 502 1802 2473
f 502 1859 2477
f 2483 502 2488
f 1808 503 2486
f 506 1807 2055
f 1812 506 2472
f 1816 507 2472
f 507 1819 2471
f 2055 510 1815
f 1820 510 2479
f 1824 511 2491
f 511 1827 2491
f 2054 514 1823
f 1828 514 2476
f 1832 515 2476
f 515 1835 2476
f 519 1836 518
f 1840 519 518
f 518 1831 2053
f 1836 519 1802
f 1844 522 2473
f 522 2053 2473
f 1848 523 2473
f 523 1851 2473
f 526 1847 664
f 1852 526 2483
f 1856 527 2484
f 1860 530 2477
f 1864 531 2477
f 531 1867 2477
f 2052 534 1863
f 1868 534 2485
f 1872 535 2485
f 538 1871 2051
f 1876 538 2470
f 1880 539 2470
f 539 1883 2469
f 542 1879 2051
f 1884 542 2480
f 1888 543 2492
f 543 1891 2492
f 546 1887 2050
f 1892 546 2475
f 1896 547 2475
f 547 1899 2475
f 1900 550 551
f 550 1904 551
f 2049 550 1895
f 1799 1900 551
f 1908 554 2474
f 554 2049 2474
f 1912 555 2474
f 555 1915 2474
f 558 1911 663
f 1916 558 2481
f 1920 559 2482
f 562 1919 663
f 1924 562 2478
f 2056 1794 663
f 1911 2049 663
f 1847 2053 664
f 1864 664 2052
f 1793 1794 2056
f 1804 1797 1798
f 1804 1798 2486
f 1799 1800 2475
f 1900 1799 1899
f 1799 1907 2474
f 1800 1801 2469
f 1800 1891 2475
f 2480 1800 2489
f 1868 1801 1867
f 1801 1868 2485
f 1801 1875 2469
f 1802 1803 2476
f 1835 1836 1802
f 1802 1843 2473
f 1803 1804 2471
f 1803 1827 2476
f 2479 1803 2490
f 1804 1811 2471
f 1807 1808 2056
f 1811 1812 2471
f 2471 1812 2472
f 2471 1819 2490
f 1820 2479 2490
f 1823 1824 2479
f 2479 1824 2491
f 1827 1828 2476
f 1831 1832 2054
f 1843 1844 2473
f 1847 1848 2053
f 2473 1851 2488
f 1852 2483 2488
f 1859 1860 2477
f 1864 2052 1863
f 1871 1872 2052
f 1875 1876 2469
f 2469 1876 2470
f 2469 1883 2489
f 1884 2480 2489
f 1887 1888 2480
f 2480 1888 2492
f 1891 1892 2475
f 1895 1896 2050
f 1907 1908 2474
f 1911 1912 2049
f 2474 1915 2487
f 1916 2481 2487
f 1923 1924 2478
f 2044 663 661
f 662 664 2041
f 2056 663 2044
f 664 2053 2041
f 2042 2041 2054
f 2054 2041 2053
f 2042 2055 2043
f 2054 2055 2042
f 2044 2043 2056
f 2056 2043 2055
f 663 2049 661
f 661 2049 2045
f 2048 664 662
f 2052 664 2048
f 2046 2045 2050
f 2050 2045 2049
f 2046 2051 2047
f 2050 2051 2046
f 2048 2047 2052
f 2052 2047 2051
